2019-01-01 01:24, slack,-
2019-01-01 04:24, ebb,-1.3
2019-01-01 07:06, slack,-
2019-01-01 09:54, flood,1.9
2019-01-01 12:24, slack,-
2019-01-01 16:12, ebb,-2.8
2019-01-01 20:06, slack,-
2019-01-01 23:00, flood,2.6
2019-01-02 02:36, slack,-
2019-01-02 05:48, ebb,-1.4
2019-01-02 08:12, slack,-
2019-01-02 10:48, flood,1.7
2019-01-02 13:06, slack,-
2019-01-02 17:06, ebb,-2.9
2019-01-02 20:48, slack,-
2019-01-02 23:48, flood,3.0
2019-01-03 03:30, slack,-
2019-01-03 06:36, ebb,-1.7
2019-01-03 09:12, slack,-
2019-01-03 11:36, flood,1.6
2019-01-03 13:54, slack,-
2019-01-03 17:54, ebb,-3.0
2019-01-03 21:24, slack,-
2019-01-04 00:36, flood,3.2
2019-01-04 04:12, slack,-
2019-01-04 07:24, ebb,-2.0
2019-01-04 10:06, slack,-
2019-01-04 12:24, flood,1.6
2019-01-04 14:42, slack,-
2019-01-04 18:36, ebb,-3.0
2019-01-04 22:00, slack,-
2019-01-05 01:18, flood,3.4
2019-01-05 04:54, slack,-
2019-01-05 08:00, ebb,-2.3
2019-01-05 10:54, slack,-
2019-01-05 13:12, flood,1.6
2019-01-05 15:30, slack,-
2019-01-05 19:18, ebb,-3.0
2019-01-05 22:42, slack,-
2019-01-06 02:00, flood,3.4
2019-01-06 05:36, slack,-
2019-01-06 08:36, ebb,-2.4
2019-01-06 11:42, slack,-
2019-01-06 14:00, flood,1.5
2019-01-06 16:18, slack,-
2019-01-06 19:54, ebb,-3.1
2019-01-06 23:18, slack,-
2019-01-07 02:48, flood,3.4
2019-01-07 06:18, slack,-
2019-01-07 09:12, ebb,-2.4
2019-01-07 12:24, slack,-
2019-01-07 14:48, flood,1.4
2019-01-07 17:00, slack,-
2019-01-07 20:30, ebb,-3.1
2019-01-08 00:00, slack,-
2019-01-08 03:36, flood,3.4
2019-01-08 07:06, slack,-
2019-01-08 09:54, ebb,-2.3
2019-01-08 13:12, slack,-
2019-01-08 15:30, flood,1.3
2019-01-08 17:42, slack,-
2019-01-08 21:12, ebb,-3.1
2019-01-09 00:42, slack,-
2019-01-09 04:24, flood,3.3
2019-01-09 07:48, slack,-
2019-01-09 10:36, ebb,-2.1
2019-01-09 13:54, slack,-
2019-01-09 16:18, flood,1.1
2019-01-09 18:18, slack,-
2019-01-09 21:54, ebb,-2.9
2019-01-10 01:24, slack,-
2019-01-10 05:06, flood,3.2
2019-01-10 08:30, slack,-
2019-01-10 11:12, ebb,-2.0
2019-01-10 14:48, slack,-
2019-01-10 17:06, flood,1.0
2019-01-10 19:00, slack,-
2019-01-10 22:36, ebb,-2.6
2019-01-11 02:06, slack,-
2019-01-11 05:42, flood,2.9
2019-01-11 09:12, slack,-
2019-01-11 11:54, ebb,-2.0
2019-01-11 15:36, slack,-
2019-01-11 17:54, flood,0.9
2019-01-11 20:00, slack,-
2019-01-11 23:18, ebb,-2.2
2019-01-12 02:48, slack,-
2019-01-12 06:24, flood,2.4
2019-01-12 09:36, slack,-
2019-01-12 12:30, ebb,-2.1
2019-01-12 16:24, slack,-
2019-01-12 18:54, flood,1.0
2019-01-12 21:12, slack,-
2019-01-13 00:12, ebb,-1.6
2019-01-13 03:30, slack,-
2019-01-13 07:00, flood,2.0
2019-01-13 10:00, slack,-
2019-01-13 13:06, ebb,-2.3
2019-01-13 17:06, slack,-
2019-01-13 20:00, flood,1.3
2019-01-13 22:48, slack,-
2019-01-14 01:12, ebb,-1.1
2019-01-14 04:18, slack,-
2019-01-14 07:42, flood,1.5
2019-01-14 10:18, slack,-
2019-01-14 13:48, ebb,-2.6
2019-01-14 17:48, slack,-
2019-01-14 20:54, flood,1.8
2019-01-15 00:18, slack,-
2019-01-15 02:30, ebb,-0.8
2019-01-15 05:30, slack,-
2019-01-15 08:36, flood,1.2
2019-01-15 10:48, slack,-
2019-01-15 14:30, ebb,-2.8
2019-01-15 18:36, slack,-
2019-01-15 21:48, flood,2.3
2019-01-16 01:36, slack,-
2019-01-16 04:00, ebb,-0.8
2019-01-16 06:48, slack,-
2019-01-16 09:24, flood,1.0
2019-01-16 11:24, slack,-
2019-01-16 15:12, ebb,-3.0
2019-01-16 19:18, slack,-
2019-01-16 22:36, flood,2.8
2019-01-17 02:30, slack,-
2019-01-17 05:36, ebb,-1.1
2019-01-17 08:06, slack,-
2019-01-17 10:18, flood,1.1
2019-01-17 12:12, slack,-
2019-01-17 16:06, ebb,-3.1
2019-01-17 20:00, slack,-
2019-01-17 23:24, flood,3.2
2019-01-18 03:18, slack,-
2019-01-18 06:24, ebb,-1.6
2019-01-18 09:00, slack,-
2019-01-18 11:12, flood,1.2
2019-01-18 13:06, slack,-
2019-01-18 17:06, ebb,-3.3
2019-01-18 20:48, slack,-
2019-01-19 00:06, flood,3.6
2019-01-19 04:00, slack,-
2019-01-19 07:06, ebb,-2.0
2019-01-19 09:48, slack,-
2019-01-19 12:06, flood,1.5
2019-01-19 14:06, slack,-
2019-01-19 18:06, ebb,-3.5
2019-01-19 21:36, slack,-
2019-01-20 00:54, flood,3.8
2019-01-20 04:42, slack,-
2019-01-20 07:42, ebb,-2.2
2019-01-20 10:30, slack,-
2019-01-20 12:48, flood,1.7
2019-01-20 15:00, slack,-
2019-01-20 18:54, ebb,-3.7
2019-01-20 22:24, slack,-
2019-01-21 01:42, flood,4.0
2019-01-21 05:30, slack,-
2019-01-21 08:18, ebb,-2.4
2019-01-21 11:12, slack,-
2019-01-21 13:36, flood,1.8
2019-01-21 15:54, slack,-
2019-01-21 19:42, ebb,-3.9
2019-01-21 23:18, slack,-
2019-01-22 02:36, flood,4.0
2019-01-22 06:18, slack,-
2019-01-22 09:00, ebb,-2.4
2019-01-22 12:00, slack,-
2019-01-22 14:30, flood,1.9
2019-01-22 16:48, slack,-
2019-01-22 20:30, ebb,-4.0
2019-01-23 00:06, slack,-
2019-01-23 03:24, flood,3.9
2019-01-23 07:00, slack,-
2019-01-23 09:48, ebb,-2.3
2019-01-23 12:48, slack,-
2019-01-23 15:24, flood,1.8
2019-01-23 17:42, slack,-
2019-01-23 21:18, ebb,-3.8
2019-01-24 00:54, slack,-
2019-01-24 04:18, flood,3.8
2019-01-24 07:42, slack,-
2019-01-24 10:30, ebb,-2.3
2019-01-24 13:42, slack,-
2019-01-24 16:18, flood,1.7
2019-01-24 18:36, slack,-
2019-01-24 22:06, ebb,-3.4
2019-01-25 01:42, slack,-
2019-01-25 05:00, flood,3.5
2019-01-25 08:24, slack,-
2019-01-25 11:12, ebb,-2.3
2019-01-25 14:42, slack,-
2019-01-25 17:18, flood,1.7
2019-01-25 19:36, slack,-
2019-01-25 22:54, ebb,-2.8
2019-01-26 02:30, slack,-
2019-01-26 05:48, flood,3.0
2019-01-26 09:00, slack,-
2019-01-26 11:54, ebb,-2.4
2019-01-26 15:42, slack,-
2019-01-26 18:18, flood,1.6
2019-01-26 20:54, slack,-
2019-01-26 23:48, ebb,-2.1
2019-01-27 03:18, slack,-
2019-01-27 06:36, flood,2.5
2019-01-27 09:36, slack,-
2019-01-27 12:42, ebb,-2.5
2019-01-27 16:48, slack,-
2019-01-27 19:30, flood,1.7
2019-01-27 22:18, slack,-
2019-01-28 00:54, ebb,-1.4
2019-01-28 04:18, slack,-
2019-01-28 07:30, flood,2.0
2019-01-28 10:12, slack,-
2019-01-28 13:30, ebb,-2.5
2019-01-28 17:48, slack,-
2019-01-28 20:42, flood,2.0
2019-01-28 23:54, slack,-
2019-01-29 02:36, ebb,-1.1
2019-01-29 05:30, slack,-
2019-01-29 08:30, flood,1.6
2019-01-29 10:54, slack,-
2019-01-29 14:30, ebb,-2.5
2019-01-29 18:42, slack,-
2019-01-29 21:42, flood,2.3
2019-01-30 01:12, slack,-
2019-01-30 04:12, ebb,-1.1
2019-01-30 06:54, slack,-
2019-01-30 09:30, flood,1.4
2019-01-30 11:42, slack,-
2019-01-30 15:24, ebb,-2.5
2019-01-30 19:30, slack,-
2019-01-30 22:36, flood,2.6
2019-01-31 02:12, slack,-
2019-01-31 05:24, ebb,-1.4
2019-01-31 08:06, slack,-
2019-01-31 10:24, flood,1.4
2019-01-31 12:42, slack,-
2019-01-31 16:30, ebb,-2.5
2019-01-31 20:18, slack,-
2019-01-31 23:24, flood,2.8
2019-02-01 03:00, slack,-
2019-02-01 06:18, ebb,-1.8
2019-02-01 09:06, slack,-
2019-02-01 11:18, flood,1.5
2019-02-01 13:42, slack,-
2019-02-01 17:36, ebb,-2.6
2019-02-01 21:00, slack,-
2019-02-02 00:12, flood,3.1
2019-02-02 03:42, slack,-
2019-02-02 07:00, ebb,-2.2
2019-02-02 09:54, slack,-
2019-02-02 12:12, flood,1.6
2019-02-02 14:36, slack,-
2019-02-02 18:30, ebb,-2.8
2019-02-02 21:42, slack,-
2019-02-03 00:54, flood,3.3
2019-02-03 04:30, slack,-
2019-02-03 07:36, ebb,-2.4
2019-02-03 10:36, slack,-
2019-02-03 12:54, flood,1.7
2019-02-03 15:18, slack,-
2019-02-03 19:06, ebb,-3.0
2019-02-03 22:24, slack,-
2019-02-04 01:42, flood,3.4
2019-02-04 05:12, slack,-
2019-02-04 08:12, ebb,-2.4
2019-02-04 11:12, slack,-
2019-02-04 13:36, flood,1.7
2019-02-04 16:00, slack,-
2019-02-04 19:42, ebb,-3.2
2019-02-04 23:06, slack,-
2019-02-05 02:24, flood,3.5
2019-02-05 06:00, slack,-
2019-02-05 08:48, ebb,-2.4
2019-02-05 11:54, slack,-
2019-02-05 14:18, flood,1.6
2019-02-05 16:42, slack,-
2019-02-05 20:12, ebb,-3.3
2019-02-05 23:42, slack,-
2019-02-06 03:06, flood,3.5
2019-02-06 06:36, slack,-
2019-02-06 09:24, ebb,-2.3
2019-02-06 12:30, slack,-
2019-02-06 15:00, flood,1.5
2019-02-06 17:18, slack,-
2019-02-06 20:48, ebb,-3.2
2019-02-07 00:18, slack,-
2019-02-07 03:48, flood,3.3
2019-02-07 07:12, slack,-
2019-02-07 09:54, ebb,-2.3
2019-02-07 13:12, slack,-
2019-02-07 15:42, flood,1.4
2019-02-07 18:06, slack,-
2019-02-07 21:30, ebb,-2.9
2019-02-08 00:54, slack,-
2019-02-08 04:24, flood,3.0
2019-02-08 07:42, slack,-
2019-02-08 10:24, ebb,-2.3
2019-02-08 13:48, slack,-
2019-02-08 16:30, flood,1.4
2019-02-08 18:54, slack,-
2019-02-08 22:12, ebb,-2.4
2019-02-09 01:30, slack,-
2019-02-09 04:54, flood,2.5
2019-02-09 08:00, slack,-
2019-02-09 10:54, ebb,-2.4
2019-02-09 14:30, slack,-
2019-02-09 17:18, flood,1.5
2019-02-09 20:00, slack,-
2019-02-09 22:54, ebb,-1.9
2019-02-10 02:06, slack,-
2019-02-10 05:24, flood,2.0
2019-02-10 08:18, slack,-
2019-02-10 11:30, ebb,-2.6
2019-02-10 15:12, slack,-
2019-02-10 18:12, flood,1.7
2019-02-10 21:18, slack,-
2019-02-10 23:48, ebb,-1.4
2019-02-11 02:54, slack,-
2019-02-11 05:54, flood,1.5
2019-02-11 08:36, slack,-
2019-02-11 12:06, ebb,-2.7
2019-02-11 16:00, slack,-
2019-02-11 19:12, flood,1.9
2019-02-11 22:36, slack,-
2019-02-12 00:48, ebb,-1.0
2019-02-12 03:54, slack,-
2019-02-12 06:42, flood,1.1
2019-02-12 09:06, slack,-
2019-02-12 12:48, ebb,-2.8
2019-02-12 16:48, slack,-
2019-02-12 20:12, flood,2.2
2019-02-12 23:54, slack,-
2019-02-13 02:06, ebb,-0.9
2019-02-13 05:12, slack,-
2019-02-13 07:48, flood,0.8
2019-02-13 09:48, slack,-
2019-02-13 13:42, ebb,-2.8
2019-02-13 17:36, slack,-
2019-02-13 21:12, flood,2.5
2019-02-14 01:00, slack,-
2019-02-14 03:36, ebb,-1.0
2019-02-14 06:42, slack,-
2019-02-14 09:00, flood,0.8
2019-02-14 10:42, slack,-
2019-02-14 14:36, ebb,-2.8
2019-02-14 18:36, slack,-
2019-02-14 22:06, flood,2.8
2019-02-15 01:54, slack,-
2019-02-15 05:00, ebb,-1.4
2019-02-15 07:48, slack,-
2019-02-15 10:00, flood,1.0
2019-02-15 11:54, slack,-
2019-02-15 15:42, ebb,-2.9
2019-02-15 19:36, slack,-
2019-02-15 23:00, flood,3.2
2019-02-16 02:42, slack,-
2019-02-16 06:00, ebb,-1.7
2019-02-16 08:42, slack,-
2019-02-16 11:00, flood,1.4
2019-02-16 13:00, slack,-
2019-02-16 16:48, ebb,-3.1
2019-02-16 20:36, slack,-
2019-02-16 23:48, flood,3.5
2019-02-17 03:30, slack,-
2019-02-17 06:42, ebb,-2.1
2019-02-17 09:24, slack,-
2019-02-17 11:48, flood,1.7
2019-02-17 14:00, slack,-
2019-02-17 18:00, ebb,-3.4
2019-02-17 21:24, slack,-
2019-02-18 00:36, flood,3.8
2019-02-18 04:24, slack,-
2019-02-18 07:24, ebb,-2.3
2019-02-18 10:06, slack,-
2019-02-18 12:36, flood,2.0
2019-02-18 14:54, slack,-
2019-02-18 18:48, ebb,-3.8
2019-02-18 22:18, slack,-
2019-02-19 01:24, flood,3.9
2019-02-19 05:06, slack,-
2019-02-19 08:06, ebb,-2.4
2019-02-19 10:54, slack,-
2019-02-19 13:24, flood,2.2
2019-02-19 15:48, slack,-
2019-02-19 19:36, ebb,-3.9
2019-02-19 23:06, slack,-
2019-02-20 02:12, flood,4.0
2019-02-20 05:48, slack,-
2019-02-20 08:42, ebb,-2.5
2019-02-20 11:36, slack,-
2019-02-20 14:12, flood,2.2
2019-02-20 16:42, slack,-
2019-02-20 20:18, ebb,-3.9
2019-02-20 23:48, slack,-
2019-02-21 03:00, flood,3.8
2019-02-21 06:30, slack,-
2019-02-21 09:18, ebb,-2.6
2019-02-21 12:24, slack,-
2019-02-21 15:06, flood,2.2
2019-02-21 17:42, slack,-
2019-02-21 21:00, ebb,-3.5
2019-02-22 00:30, slack,-
2019-02-22 03:48, flood,3.5
2019-02-22 07:00, slack,-
2019-02-22 09:54, ebb,-2.7
2019-02-22 13:12, slack,-
2019-02-22 16:00, flood,2.1
2019-02-22 18:36, slack,-
2019-02-22 21:48, ebb,-2.9
2019-02-23 01:12, slack,-
2019-02-23 04:30, flood,3.0
2019-02-23 07:30, slack,-
2019-02-23 10:30, ebb,-2.7
2019-02-23 14:06, slack,-
2019-02-23 17:00, flood,2.1
2019-02-23 19:42, slack,-
2019-02-23 22:42, ebb,-2.3
2019-02-24 02:00, slack,-
2019-02-24 05:12, flood,2.5
2019-02-24 08:00, slack,-
2019-02-24 11:06, ebb,-2.7
2019-02-24 15:00, slack,-
2019-02-24 18:00, flood,2.1
2019-02-24 21:00, slack,-
2019-02-24 23:36, ebb,-1.7
2019-02-25 02:54, slack,-
2019-02-25 06:00, flood,1.9
2019-02-25 08:36, slack,-
2019-02-25 11:48, ebb,-2.6
2019-02-25 15:54, slack,-
2019-02-25 19:00, flood,2.1
2019-02-25 22:18, slack,-
2019-02-26 00:42, ebb,-1.2
2019-02-26 04:06, slack,-
2019-02-26 06:54, flood,1.4
2019-02-26 09:18, slack,-
2019-02-26 12:36, ebb,-2.4
2019-02-26 16:54, slack,-
2019-02-26 20:12, flood,2.1
2019-02-26 23:30, slack,-
2019-02-27 02:30, ebb,-1.1
2019-02-27 05:30, slack,-
2019-02-27 08:06, flood,1.1
2019-02-27 10:12, slack,-
2019-02-27 13:36, ebb,-2.2
2019-02-27 17:54, slack,-
2019-02-27 21:12, flood,2.2
2019-02-28 00:36, slack,-
2019-02-28 03:54, ebb,-1.3
2019-02-28 06:54, slack,-
2019-02-28 09:12, flood,1.1
2019-02-28 11:18, slack,-
2019-02-28 14:48, ebb,-2.1
2019-02-28 18:54, slack,-
2019-02-28 22:06, flood,2.4
2019-03-01 01:36, slack,-
2019-03-01 04:54, ebb,-1.6
2019-03-01 08:00, slack,-
2019-03-01 10:12, flood,1.3
2019-03-01 12:30, slack,-
2019-03-01 16:18, ebb,-2.1
2019-03-01 19:54, slack,-
2019-03-01 23:00, flood,2.7
2019-03-02 02:24, slack,-
2019-03-02 05:54, ebb,-2.0
2019-03-02 08:48, slack,-
2019-03-02 11:06, flood,1.5
2019-03-02 13:30, slack,-
2019-03-02 17:24, ebb,-2.4
2019-03-02 20:42, slack,-
2019-03-02 23:48, flood,3.0
2019-03-03 03:12, slack,-
2019-03-03 06:36, ebb,-2.2
2019-03-03 09:30, slack,-
2019-03-03 11:54, flood,1.7
2019-03-03 14:18, slack,-
2019-03-03 18:12, ebb,-2.7
2019-03-03 21:24, slack,-
2019-03-04 00:36, flood,3.2
2019-03-04 04:00, slack,-
2019-03-04 07:12, ebb,-2.4
2019-03-04 10:12, slack,-
2019-03-04 12:36, flood,1.8
2019-03-04 15:00, slack,-
2019-03-04 18:48, ebb,-3.0
2019-03-04 22:06, slack,-
2019-03-05 01:12, flood,3.4
2019-03-05 04:48, slack,-
2019-03-05 07:48, ebb,-2.5
2019-03-05 10:48, slack,-
2019-03-05 13:12, flood,1.8
2019-03-05 15:42, slack,-
2019-03-05 19:24, ebb,-3.2
2019-03-05 22:42, slack,-
2019-03-06 01:54, flood,3.4
2019-03-06 05:24, slack,-
2019-03-06 08:18, ebb,-2.5
2019-03-06 11:18, slack,-
2019-03-06 13:54, flood,1.8
2019-03-06 16:24, slack,-
2019-03-06 19:54, ebb,-3.2
2019-03-06 23:18, slack,-
2019-03-07 02:30, flood,3.2
2019-03-07 05:54, slack,-
2019-03-07 08:42, ebb,-2.6
2019-03-07 11:54, slack,-
2019-03-07 14:30, flood,1.9
2019-03-07 17:12, slack,-
2019-03-07 20:30, ebb,-2.9
2019-03-07 23:48, slack,-
2019-03-08 03:06, flood,2.9
2019-03-08 06:18, slack,-
2019-03-08 09:12, ebb,-2.7
2019-03-08 12:24, slack,-
2019-03-08 15:18, flood,2.0
2019-03-08 18:06, slack,-
2019-03-08 21:12, ebb,-2.5
2019-03-09 00:24, slack,-
2019-03-09 03:36, flood,2.4
2019-03-09 06:30, slack,-
2019-03-09 09:36, ebb,-2.8
2019-03-09 13:00, slack,-
2019-03-09 16:00, flood,2.2
2019-03-09 19:00, slack,-
2019-03-09 21:54, ebb,-2.1
2019-03-10 01:00, slack,-
2019-03-10 05:06, flood,2.0
2019-03-10 07:42, slack,-
2019-03-10 11:06, ebb,-3.0
2019-03-10 14:36, slack,-
2019-03-10 17:48, flood,2.3
2019-03-10 21:00, slack,-
2019-03-10 23:36, ebb,-1.7
2019-03-11 02:42, slack,-
2019-03-11 05:36, flood,1.5
2019-03-11 08:00, slack,-
2019-03-11 11:42, ebb,-3.0
2019-03-11 15:12, slack,-
2019-03-11 18:30, flood,2.4
2019-03-11 22:06, slack,-
2019-03-12 00:30, ebb,-1.4
2019-03-12 03:36, slack,-
2019-03-12 06:12, flood,1.1
2019-03-12 08:30, slack,-
2019-03-12 12:18, ebb,-3.0
2019-03-12 16:00, slack,-
2019-03-12 19:24, flood,2.5
2019-03-12 23:12, slack,-
2019-03-13 01:30, ebb,-1.2
2019-03-13 04:48, slack,-
2019-03-13 07:06, flood,0.8
2019-03-13 09:12, slack,-
2019-03-13 13:06, ebb,-2.8
2019-03-13 16:54, slack,-
2019-03-13 20:30, flood,2.5
2019-03-14 00:12, slack,-
2019-03-14 02:48, ebb,-1.2
2019-03-14 06:06, slack,-
2019-03-14 08:24, flood,0.7
2019-03-14 10:12, slack,-
2019-03-14 14:06, ebb,-2.6
2019-03-14 17:54, slack,-
2019-03-14 21:36, flood,2.6
2019-03-15 01:18, slack,-
2019-03-15 04:06, ebb,-1.3
2019-03-15 07:30, slack,-
2019-03-15 09:42, flood,0.9
2019-03-15 11:30, slack,-
2019-03-15 15:12, ebb,-2.6
2019-03-15 19:06, slack,-
2019-03-15 22:36, flood,2.8
2019-03-16 02:18, slack,-
2019-03-16 05:24, ebb,-1.6
2019-03-16 08:30, slack,-
2019-03-16 10:42, flood,1.2
2019-03-16 12:48, slack,-
2019-03-16 16:24, ebb,-2.7
2019-03-16 20:18, slack,-
2019-03-16 23:36, flood,3.1
2019-03-17 03:12, slack,-
2019-03-17 06:30, ebb,-1.9
2019-03-17 09:18, slack,-
2019-03-17 11:42, flood,1.6
2019-03-17 13:54, slack,-
2019-03-17 17:36, ebb,-3.0
2019-03-17 21:18, slack,-
2019-03-18 00:30, flood,3.4
2019-03-18 04:06, slack,-
2019-03-18 07:24, ebb,-2.2
2019-03-18 10:06, slack,-
2019-03-18 12:36, flood,1.9
2019-03-18 14:54, slack,-
2019-03-18 18:48, ebb,-3.4
2019-03-18 22:12, slack,-
2019-03-19 01:18, flood,3.7
2019-03-19 04:54, slack,-
2019-03-19 08:00, ebb,-2.5
2019-03-19 10:48, slack,-
2019-03-19 13:24, flood,2.2
2019-03-19 15:54, slack,-
2019-03-19 19:42, ebb,-3.6
2019-03-19 23:00, slack,-
2019-03-20 02:06, flood,3.8
2019-03-20 05:36, slack,-
2019-03-20 08:42, ebb,-2.7
2019-03-20 11:36, slack,-
2019-03-20 14:12, flood,2.4
2019-03-20 16:48, slack,-
2019-03-20 20:24, ebb,-3.6
2019-03-20 23:42, slack,-
2019-03-21 02:48, flood,3.7
2019-03-21 06:12, slack,-
2019-03-21 09:12, ebb,-2.9
2019-03-21 12:18, slack,-
2019-03-21 15:00, flood,2.6
2019-03-21 17:48, slack,-
2019-03-21 21:12, ebb,-3.3
2019-03-22 00:30, slack,-
2019-03-22 03:30, flood,3.3
2019-03-22 06:42, slack,-
2019-03-22 09:42, ebb,-3.0
2019-03-22 13:00, slack,-
2019-03-22 15:54, flood,2.6
2019-03-22 18:48, slack,-
2019-03-22 21:54, ebb,-2.9
2019-03-23 01:12, slack,-
2019-03-23 04:12, flood,2.9
2019-03-23 07:06, slack,-
2019-03-23 10:12, ebb,-3.1
2019-03-23 13:42, slack,-
2019-03-23 16:48, flood,2.7
2019-03-23 19:48, slack,-
2019-03-23 22:42, ebb,-2.4
2019-03-24 01:54, slack,-
2019-03-24 04:54, flood,2.3
2019-03-24 07:36, slack,-
2019-03-24 10:48, ebb,-3.1
2019-03-24 14:30, slack,-
2019-03-24 17:42, flood,2.6
2019-03-24 20:48, slack,-
2019-03-24 23:30, ebb,-1.9
2019-03-25 02:48, slack,-
2019-03-25 05:42, flood,1.8
2019-03-25 08:06, slack,-
2019-03-25 11:24, ebb,-2.9
2019-03-25 15:18, slack,-
2019-03-25 18:36, flood,2.5
2019-03-25 21:54, slack,-
2019-03-26 00:24, ebb,-1.6
2019-03-26 03:48, slack,-
2019-03-26 06:30, flood,1.4
2019-03-26 08:48, slack,-
2019-03-26 12:06, ebb,-2.6
2019-03-26 16:06, slack,-
2019-03-26 19:30, flood,2.4
2019-03-26 22:54, slack,-
2019-03-27 01:30, ebb,-1.4
2019-03-27 05:06, slack,-
2019-03-27 07:36, flood,1.1
2019-03-27 09:42, slack,-
2019-03-27 13:00, ebb,-2.2
2019-03-27 17:06, slack,-
2019-03-27 20:36, flood,2.2
2019-03-27 23:54, slack,-
2019-03-28 03:06, ebb,-1.4
2019-03-28 06:24, slack,-
2019-03-28 08:42, flood,0.9
2019-03-28 10:48, slack,-
2019-03-28 14:00, ebb,-1.9
2019-03-28 18:12, slack,-
2019-03-28 21:36, flood,2.2
2019-03-29 00:54, slack,-
2019-03-29 04:18, ebb,-1.6
2019-03-29 07:42, slack,-
2019-03-29 09:54, flood,1.0
2019-03-29 12:00, slack,-
2019-03-29 15:24, ebb,-1.8
2019-03-29 19:18, slack,-
2019-03-29 22:36, flood,2.4
2019-03-30 02:00, slack,-
2019-03-30 05:24, ebb,-1.8
2019-03-30 08:42, slack,-
2019-03-30 10:48, flood,1.2
2019-03-30 13:12, slack,-
2019-03-30 16:42, ebb,-2.0
2019-03-30 20:24, slack,-
2019-03-30 23:30, flood,2.6
2019-03-31 02:54, slack,-
2019-03-31 06:18, ebb,-2.0
2019-03-31 09:30, slack,-
2019-03-31 11:42, flood,1.4
2019-03-31 14:06, slack,-
2019-03-31 17:54, ebb,-2.3
2019-03-31 21:12, slack,-
2019-04-01 00:24, flood,2.9
2019-04-01 03:42, slack,-
2019-04-01 07:06, ebb,-2.2
2019-04-01 10:06, slack,-
2019-04-01 12:30, flood,1.6
2019-04-01 14:54, slack,-
2019-04-01 18:48, ebb,-2.6
2019-04-01 21:54, slack,-
2019-04-02 01:06, flood,3.1
2019-04-02 04:30, slack,-
2019-04-02 07:48, ebb,-2.4
2019-04-02 10:42, slack,-
2019-04-02 13:12, flood,1.8
2019-04-02 15:42, slack,-
2019-04-02 19:30, ebb,-2.8
2019-04-02 22:36, slack,-
2019-04-03 01:42, flood,3.2
2019-04-03 05:06, slack,-
2019-04-03 08:18, ebb,-2.6
2019-04-03 11:18, slack,-
2019-04-03 13:48, flood,2.0
2019-04-03 16:30, slack,-
2019-04-03 20:00, ebb,-2.8
2019-04-03 23:12, slack,-
2019-04-04 02:12, flood,3.0
2019-04-04 05:30, slack,-
2019-04-04 08:36, ebb,-2.8
2019-04-04 11:48, slack,-
2019-04-04 14:30, flood,2.2
2019-04-04 17:24, slack,-
2019-04-04 20:42, ebb,-2.7
2019-04-04 23:48, slack,-
2019-04-05 02:48, flood,2.6
2019-04-05 05:48, slack,-
2019-04-05 09:00, ebb,-3.0
2019-04-05 12:12, slack,-
2019-04-05 15:06, flood,2.5
2019-04-05 18:18, slack,-
2019-04-05 21:18, ebb,-2.4
2019-04-06 00:24, slack,-
2019-04-06 03:12, flood,2.2
2019-04-06 06:00, slack,-
2019-04-06 09:18, ebb,-3.2
2019-04-06 12:42, slack,-
2019-04-06 15:48, flood,2.7
2019-04-06 19:12, slack,-
2019-04-06 21:54, ebb,-2.1
2019-04-07 01:00, slack,-
2019-04-07 03:42, flood,1.8
2019-04-07 06:18, slack,-
2019-04-07 09:48, ebb,-3.3
2019-04-07 13:12, slack,-
2019-04-07 16:30, flood,2.9
2019-04-07 20:06, slack,-
2019-04-07 22:36, ebb,-1.9
2019-04-08 01:42, slack,-
2019-04-08 04:18, flood,1.4
2019-04-08 06:36, slack,-
2019-04-08 10:24, ebb,-3.4
2019-04-08 13:48, slack,-
2019-04-08 17:18, flood,3.0
2019-04-08 20:54, slack,-
2019-04-08 23:24, ebb,-1.7
2019-04-09 02:36, slack,-
2019-04-09 05:00, flood,1.1
2019-04-09 07:06, slack,-
2019-04-09 11:00, ebb,-3.3
2019-04-09 14:30, slack,-
2019-04-09 18:00, flood,3.0
2019-04-09 21:48, slack,-
2019-04-10 00:12, ebb,-1.6
2019-04-10 03:36, slack,-
2019-04-10 05:54, flood,0.9
2019-04-10 07:48, slack,-
2019-04-10 11:48, ebb,-3.0
2019-04-10 15:18, slack,-
2019-04-10 18:54, flood,2.9
2019-04-10 22:42, slack,-
2019-04-11 01:06, ebb,-1.5
2019-04-11 04:42, slack,-
2019-04-11 06:54, flood,0.8
2019-04-11 08:48, slack,-
2019-04-11 12:42, ebb,-2.8
2019-04-11 16:18, slack,-
2019-04-11 19:54, flood,2.8
2019-04-11 23:36, slack,-
2019-04-12 02:24, ebb,-1.5
2019-04-12 05:54, slack,-
2019-04-12 08:06, flood,0.8
2019-04-12 10:00, slack,-
2019-04-12 13:42, ebb,-2.6
2019-04-12 17:30, slack,-
2019-04-12 21:06, flood,2.7
2019-04-13 00:42, slack,-
2019-04-13 03:42, ebb,-1.6
2019-04-13 07:06, slack,-
2019-04-13 09:24, flood,1.0
2019-04-13 11:18, slack,-
2019-04-13 14:54, ebb,-2.5
2019-04-13 18:42, slack,-
2019-04-13 22:12, flood,2.9
2019-04-14 01:48, slack,-
2019-04-14 04:54, ebb,-1.8
2019-04-14 08:06, slack,-
2019-04-14 10:24, flood,1.3
2019-04-14 12:36, slack,-
2019-04-14 16:06, ebb,-2.7
2019-04-14 19:54, slack,-
2019-04-14 23:12, flood,3.2
2019-04-15 02:42, slack,-
2019-04-15 06:00, ebb,-2.0
2019-04-15 09:00, slack,-
2019-04-15 11:24, flood,1.7
2019-04-15 13:42, slack,-
2019-04-15 17:24, ebb,-2.9
2019-04-15 20:54, slack,-
2019-04-16 00:06, flood,3.4
2019-04-16 03:30, slack,-
2019-04-16 06:54, ebb,-2.4
2019-04-16 09:48, slack,-
2019-04-16 12:18, flood,2.1
2019-04-16 14:48, slack,-
2019-04-16 18:36, ebb,-3.0
2019-04-16 21:48, slack,-
2019-04-17 00:54, flood,3.5
2019-04-17 04:12, slack,-
2019-04-17 07:36, ebb,-2.7
2019-04-17 10:36, slack,-
2019-04-17 13:12, flood,2.5
2019-04-17 15:54, slack,-
2019-04-17 19:30, ebb,-3.0
2019-04-17 22:36, slack,-
2019-04-18 01:36, flood,3.4
2019-04-18 04:48, slack,-
2019-04-18 08:12, ebb,-3.1
2019-04-18 11:18, slack,-
2019-04-18 14:00, flood,2.8
2019-04-18 17:00, slack,-
2019-04-18 20:24, ebb,-2.9
2019-04-18 23:24, slack,-
2019-04-19 02:18, flood,3.1
2019-04-19 05:18, slack,-
2019-04-19 08:42, ebb,-3.3
2019-04-19 11:54, slack,-
2019-04-19 14:48, flood,3.0
2019-04-19 18:00, slack,-
2019-04-19 21:06, ebb,-2.6
2019-04-20 00:06, slack,-
2019-04-20 02:54, flood,2.6
2019-04-20 05:42, slack,-
2019-04-20 09:06, ebb,-3.4
2019-04-20 12:36, slack,-
2019-04-20 15:42, flood,3.1
2019-04-20 19:00, slack,-
2019-04-20 21:54, ebb,-2.4
2019-04-21 00:54, slack,-
2019-04-21 03:42, flood,2.2
2019-04-21 06:12, slack,-
2019-04-21 09:36, ebb,-3.4
2019-04-21 13:12, slack,-
2019-04-21 16:30, flood,3.1
2019-04-21 19:54, slack,-
2019-04-21 22:36, ebb,-2.1
2019-04-22 01:48, slack,-
2019-04-22 04:24, flood,1.7
2019-04-22 06:48, slack,-
2019-04-22 10:12, ebb,-3.2
2019-04-22 13:54, slack,-
2019-04-22 17:18, flood,3.0
2019-04-22 20:42, slack,-
2019-04-22 23:24, ebb,-1.9
2019-04-23 02:42, slack,-
2019-04-23 05:18, flood,1.4
2019-04-23 07:30, slack,-
2019-04-23 10:54, ebb,-2.8
2019-04-23 14:36, slack,-
2019-04-23 18:12, flood,2.8
2019-04-23 21:30, slack,-
2019-04-24 00:12, ebb,-1.8
2019-04-24 03:48, slack,-
2019-04-24 06:12, flood,1.1
2019-04-24 08:18, slack,-
2019-04-24 11:42, ebb,-2.4
2019-04-24 15:24, slack,-
2019-04-24 19:00, flood,2.6
2019-04-24 22:24, slack,-
2019-04-25 01:12, ebb,-1.7
2019-04-25 05:00, slack,-
2019-04-25 07:12, flood,1.0
2019-04-25 09:18, slack,-
2019-04-25 12:30, ebb,-2.1
2019-04-25 16:24, slack,-
2019-04-25 20:00, flood,2.4
2019-04-25 23:24, slack,-
2019-04-26 02:30, ebb,-1.7
2019-04-26 06:12, slack,-
2019-04-26 08:18, flood,0.9
2019-04-26 10:24, slack,-
2019-04-26 13:36, ebb,-1.9
2019-04-26 17:30, slack,-
2019-04-26 21:06, flood,2.4
2019-04-27 00:24, slack,-
2019-04-27 03:48, ebb,-1.7
2019-04-27 07:18, slack,-
2019-04-27 09:24, flood,0.9
2019-04-27 11:30, slack,-
2019-04-27 14:48, ebb,-1.8
2019-04-27 18:36, slack,-
2019-04-27 22:06, flood,2.5
2019-04-28 01:24, slack,-
2019-04-28 04:48, ebb,-1.9
2019-04-28 08:18, slack,-
2019-04-28 10:24, flood,1.1
2019-04-28 12:36, slack,-
2019-04-28 16:00, ebb,-1.9
2019-04-28 19:36, slack,-
2019-04-28 23:00, flood,2.7
2019-04-29 02:18, slack,-
2019-04-29 05:42, ebb,-2.0
2019-04-29 09:06, slack,-
2019-04-29 11:18, flood,1.3
2019-04-29 13:36, slack,-
2019-04-29 17:06, ebb,-2.1
2019-04-29 20:30, slack,-
2019-04-29 23:48, flood,2.8
2019-04-30 03:06, slack,-
2019-04-30 06:30, ebb,-2.3
2019-04-30 09:42, slack,-
2019-04-30 12:06, flood,1.6
2019-04-30 14:36, slack,-
2019-04-30 18:12, ebb,-2.2
2019-04-30 21:18, slack,-
2019-05-01 00:24, flood,2.8
2019-05-01 03:36, slack,-
2019-05-01 07:06, ebb,-2.5
2019-05-01 10:12, slack,-
2019-05-01 12:48, flood,1.9
2019-05-01 15:36, slack,-
2019-05-01 19:06, ebb,-2.2
2019-05-01 22:00, slack,-
2019-05-02 01:00, flood,2.6
2019-05-02 04:00, slack,-
2019-05-02 07:30, ebb,-2.8
2019-05-02 10:42, slack,-
2019-05-02 13:30, flood,2.4
2019-05-02 16:36, slack,-
2019-05-02 19:54, ebb,-2.2
2019-05-02 22:42, slack,-
2019-05-03 01:30, flood,2.3
2019-05-03 04:18, slack,-
2019-05-03 07:48, ebb,-3.1
2019-05-03 11:06, slack,-
2019-05-03 14:06, flood,2.8
2019-05-03 17:36, slack,-
2019-05-03 20:30, ebb,-2.1
2019-05-03 23:24, slack,-
2019-05-04 02:00, flood,1.9
2019-05-04 04:30, slack,-
2019-05-04 08:12, ebb,-3.4
2019-05-04 11:36, slack,-
2019-05-04 14:42, flood,3.2
2019-05-04 18:24, slack,-
2019-05-04 21:12, ebb,-2.0
2019-05-05 00:06, slack,-
2019-05-05 02:30, flood,1.6
2019-05-05 04:48, slack,-
2019-05-05 08:36, ebb,-3.5
2019-05-05 12:06, slack,-
2019-05-05 15:24, flood,3.4
2019-05-05 19:12, slack,-
2019-05-05 21:48, ebb,-1.9
2019-05-06 00:48, slack,-
2019-05-06 03:06, flood,1.3
2019-05-06 05:18, slack,-
2019-05-06 09:12, ebb,-3.6
2019-05-06 12:36, slack,-
2019-05-06 16:06, flood,3.5
2019-05-06 19:54, slack,-
2019-05-06 22:30, ebb,-1.9
2019-05-07 01:36, slack,-
2019-05-07 03:48, flood,1.2
2019-05-07 05:54, slack,-
2019-05-07 09:48, ebb,-3.5
2019-05-07 13:18, slack,-
2019-05-07 16:48, flood,3.5
2019-05-07 20:36, slack,-
2019-05-07 23:12, ebb,-1.9
2019-05-08 02:30, slack,-
2019-05-08 04:42, flood,1.1
2019-05-08 06:42, slack,-
2019-05-08 10:36, ebb,-3.3
2019-05-08 14:00, slack,-
2019-05-08 17:36, flood,3.4
2019-05-08 21:24, slack,-
2019-05-09 00:00, ebb,-1.9
2019-05-09 03:24, slack,-
2019-05-09 05:36, flood,1.0
2019-05-09 07:36, slack,-
2019-05-09 11:24, ebb,-3.1
2019-05-09 14:54, slack,-
2019-05-09 18:30, flood,3.2
2019-05-09 22:12, slack,-
2019-05-10 00:48, ebb,-1.8
2019-05-10 04:24, slack,-
2019-05-10 06:42, flood,1.0
2019-05-10 08:36, slack,-
2019-05-10 12:18, ebb,-2.9
2019-05-10 16:00, slack,-
2019-05-10 19:36, flood,3.0
2019-05-10 23:12, slack,-
2019-05-11 02:00, ebb,-1.7
2019-05-11 05:30, slack,-
2019-05-11 07:48, flood,1.0
2019-05-11 09:42, slack,-
2019-05-11 13:24, ebb,-2.7
2019-05-11 17:06, slack,-
2019-05-11 20:42, flood,3.0
2019-05-12 00:18, slack,-
2019-05-12 03:24, ebb,-1.8
2019-05-12 06:42, slack,-
2019-05-12 09:00, flood,1.1
2019-05-12 11:00, slack,-
2019-05-12 14:36, ebb,-2.6
2019-05-12 18:18, slack,-
2019-05-12 21:48, flood,3.0
2019-05-13 01:18, slack,-
2019-05-13 04:30, ebb,-2.0
2019-05-13 07:48, slack,-
2019-05-13 10:06, flood,1.4
2019-05-13 12:18, slack,-
2019-05-13 15:48, ebb,-2.5
2019-05-13 19:24, slack,-
2019-05-13 22:42, flood,3.1
2019-05-14 02:06, slack,-
2019-05-14 05:30, ebb,-2.3
2019-05-14 08:42, slack,-
2019-05-14 11:06, flood,1.8
2019-05-14 13:36, slack,-
2019-05-14 17:00, ebb,-2.4
2019-05-14 20:30, slack,-
2019-05-14 23:36, flood,3.1
2019-05-15 02:48, slack,-
2019-05-15 06:18, ebb,-2.7
2019-05-15 09:30, slack,-
2019-05-15 12:06, flood,2.2
2019-05-15 14:54, slack,-
2019-05-15 18:24, ebb,-2.3
2019-05-15 21:24, slack,-
2019-05-16 00:18, flood,2.9
2019-05-16 03:18, slack,-
2019-05-16 07:06, ebb,-3.0
2019-05-16 10:12, slack,-
2019-05-16 13:00, flood,2.7
2019-05-16 16:06, slack,-
2019-05-16 19:30, ebb,-2.3
2019-05-16 22:18, slack,-
2019-05-17 01:06, flood,2.7
2019-05-17 03:48, slack,-
2019-05-17 07:36, ebb,-3.3
2019-05-17 10:54, slack,-
2019-05-17 13:48, flood,3.1
2019-05-17 17:12, slack,-
2019-05-17 20:24, ebb,-2.3
2019-05-17 23:06, slack,-
2019-05-18 01:48, flood,2.3
2019-05-18 04:24, slack,-
2019-05-18 08:06, ebb,-3.5
2019-05-18 11:30, slack,-
2019-05-18 14:36, flood,3.4
2019-05-18 18:12, slack,-
2019-05-18 21:06, ebb,-2.2
2019-05-18 23:54, slack,-
2019-05-19 02:30, flood,2.0
2019-05-19 04:54, slack,-
2019-05-19 08:36, ebb,-3.5
2019-05-19 12:06, slack,-
2019-05-19 15:24, flood,3.4
2019-05-19 19:00, slack,-
2019-05-19 21:48, ebb,-2.1
2019-05-20 00:48, slack,-
2019-05-20 03:12, flood,1.7
2019-05-20 05:36, slack,-
2019-05-20 09:06, ebb,-3.3
2019-05-20 12:48, slack,-
2019-05-20 16:06, flood,3.4
2019-05-20 19:42, slack,-
2019-05-20 22:30, ebb,-2.1
2019-05-21 01:36, slack,-
2019-05-21 04:06, flood,1.4
2019-05-21 06:18, slack,-
2019-05-21 09:48, ebb,-3.1
2019-05-21 13:24, slack,-
2019-05-21 17:00, flood,3.2
2019-05-21 20:24, slack,-
2019-05-21 23:12, ebb,-2.1
2019-05-22 02:36, slack,-
2019-05-22 05:00, flood,1.3
2019-05-22 07:06, slack,-
2019-05-22 10:30, ebb,-2.8
2019-05-22 14:06, slack,-
2019-05-22 17:48, flood,3.0
2019-05-22 21:12, slack,-
2019-05-23 00:00, ebb,-2.0
2019-05-23 03:36, slack,-
2019-05-23 05:54, flood,1.1
2019-05-23 07:54, slack,-
2019-05-23 11:18, ebb,-2.5
2019-05-23 15:00, slack,-
2019-05-23 18:36, flood,2.8
2019-05-23 22:00, slack,-
2019-05-24 00:48, ebb,-1.9
2019-05-24 04:36, slack,-
2019-05-24 06:48, flood,1.0
2019-05-24 08:48, slack,-
2019-05-24 12:06, ebb,-2.3
2019-05-24 15:54, slack,-
2019-05-24 19:30, flood,2.7
2019-05-24 23:00, slack,-
2019-05-25 02:00, ebb,-1.8
2019-05-25 05:42, slack,-
2019-05-25 07:48, flood,0.8
2019-05-25 09:42, slack,-
2019-05-25 13:00, ebb,-2.1
2019-05-25 16:48, slack,-
2019-05-25 20:30, flood,2.6
2019-05-25 23:54, slack,-
2019-05-26 03:06, ebb,-1.8
2019-05-26 06:48, slack,-
2019-05-26 08:48, flood,0.8
2019-05-26 10:48, slack,-
2019-05-26 14:06, ebb,-1.9
2019-05-26 17:48, slack,-
2019-05-26 21:30, flood,2.6
2019-05-27 00:48, slack,-
2019-05-27 04:06, ebb,-1.9
2019-05-27 07:48, slack,-
2019-05-27 09:54, flood,0.9
2019-05-27 11:54, slack,-
2019-05-27 15:12, ebb,-1.8
2019-05-27 18:48, slack,-
2019-05-27 22:18, flood,2.6
2019-05-28 01:30, slack,-
2019-05-28 04:54, ebb,-2.1
2019-05-28 08:36, slack,-
2019-05-28 10:48, flood,1.2
2019-05-28 13:18, slack,-
2019-05-28 16:18, ebb,-1.7
2019-05-28 19:48, slack,-
2019-05-28 23:00, flood,2.4
2019-05-29 02:06, slack,-
2019-05-29 05:30, ebb,-2.3
2019-05-29 09:06, slack,-
2019-05-29 11:36, flood,1.7
2019-05-29 14:30, slack,-
2019-05-29 17:36, ebb,-1.5
2019-05-29 20:42, slack,-
2019-05-29 23:42, flood,2.1
2019-05-30 02:30, slack,-
2019-05-30 06:00, ebb,-2.6
2019-05-30 09:36, slack,-
2019-05-30 12:24, flood,2.2
2019-05-30 15:42, slack,-
2019-05-30 18:54, ebb,-1.5
2019-05-30 21:30, slack,-
2019-05-31 00:18, flood,1.8
2019-05-31 02:48, slack,-
2019-05-31 06:24, ebb,-2.9
2019-05-31 10:00, slack,-
2019-05-31 13:06, flood,2.8
2019-05-31 16:42, slack,-
2019-05-31 19:42, ebb,-1.6
2019-05-31 22:18, slack,-
2019-06-01 00:48, flood,1.5
2019-06-01 03:06, slack,-
2019-06-01 06:54, ebb,-3.3
2019-06-01 10:30, slack,-
2019-06-01 13:42, flood,3.3
2019-06-01 17:36, slack,-
2019-06-01 20:24, ebb,-1.7
2019-06-01 23:06, slack,-
2019-06-02 01:24, flood,1.3
2019-06-02 03:30, slack,-
2019-06-02 07:30, ebb,-3.5
2019-06-02 11:00, slack,-
2019-06-02 14:18, flood,3.6
2019-06-02 18:18, slack,-
2019-06-02 21:00, ebb,-1.9
2019-06-02 23:54, slack,-
2019-06-03 02:00, flood,1.3
2019-06-03 04:00, slack,-
2019-06-03 08:06, ebb,-3.6
2019-06-03 11:36, slack,-
2019-06-03 15:00, flood,3.8
2019-06-03 18:54, slack,-
2019-06-03 21:36, ebb,-2.0
2019-06-04 00:36, slack,-
2019-06-04 02:42, flood,1.2
2019-06-04 04:48, slack,-
2019-06-04 08:42, ebb,-3.7
2019-06-04 12:12, slack,-
2019-06-04 15:42, flood,3.8
2019-06-04 19:30, slack,-
2019-06-04 22:12, ebb,-2.1
2019-06-05 01:18, slack,-
2019-06-05 03:30, flood,1.2
2019-06-05 05:36, slack,-
2019-06-05 09:30, ebb,-3.6
2019-06-05 13:00, slack,-
2019-06-05 16:30, flood,3.7
2019-06-05 20:12, slack,-
2019-06-05 22:54, ebb,-2.1
2019-06-06 02:06, slack,-
2019-06-06 04:24, flood,1.3
2019-06-06 06:30, slack,-
2019-06-06 10:18, ebb,-3.5
2019-06-06 13:48, slack,-
2019-06-06 17:24, flood,3.6
2019-06-06 21:00, slack,-
2019-06-06 23:42, ebb,-2.1
2019-06-07 03:00, slack,-
2019-06-07 05:24, flood,1.3
2019-06-07 07:24, slack,-
2019-06-07 11:12, ebb,-3.3
2019-06-07 14:42, slack,-
2019-06-07 18:18, flood,3.5
2019-06-07 21:54, slack,-
2019-06-08 00:36, ebb,-2.0
2019-06-08 04:00, slack,-
2019-06-08 06:18, flood,1.2
2019-06-08 08:24, slack,-
2019-06-08 12:06, ebb,-3.1
2019-06-08 15:42, slack,-
2019-06-08 19:12, flood,3.3
2019-06-08 22:48, slack,-
2019-06-09 01:36, ebb,-1.9
2019-06-09 05:06, slack,-
2019-06-09 07:24, flood,1.2
2019-06-09 09:24, slack,-
2019-06-09 13:00, ebb,-2.8
2019-06-09 16:42, slack,-
2019-06-09 20:12, flood,3.2
2019-06-09 23:42, slack,-
2019-06-10 02:48, ebb,-2.0
2019-06-10 06:18, slack,-
2019-06-10 08:36, flood,1.2
2019-06-10 10:42, slack,-
2019-06-10 14:06, ebb,-2.4
2019-06-10 17:48, slack,-
2019-06-10 21:12, flood,3.0
2019-06-11 00:30, slack,-
2019-06-11 03:48, ebb,-2.3
2019-06-11 07:24, slack,-
2019-06-11 09:48, flood,1.5
2019-06-11 12:12, slack,-
2019-06-11 15:24, ebb,-2.1
2019-06-11 18:48, slack,-
2019-06-11 22:12, flood,2.8
2019-06-12 01:12, slack,-
2019-06-12 04:42, ebb,-2.6
2019-06-12 08:18, slack,-
2019-06-12 10:54, flood,1.9
2019-06-12 13:42, slack,-
2019-06-12 16:48, ebb,-1.8
2019-06-12 20:00, slack,-
2019-06-12 23:00, flood,2.5
2019-06-13 01:48, slack,-
2019-06-13 05:30, ebb,-2.9
2019-06-13 09:06, slack,-
2019-06-13 11:54, flood,2.5
2019-06-13 15:06, slack,-
2019-06-13 18:24, ebb,-1.7
2019-06-13 21:00, slack,-
2019-06-13 23:48, flood,2.2
2019-06-14 02:24, slack,-
2019-06-14 06:18, ebb,-3.1
2019-06-14 09:48, slack,-
2019-06-14 12:48, flood,3.0
2019-06-14 16:18, slack,-
2019-06-14 19:30, ebb,-1.8
2019-06-14 22:00, slack,-
2019-06-15 00:36, flood,2.0
2019-06-15 03:00, slack,-
2019-06-15 07:00, ebb,-3.3
2019-06-15 10:30, slack,-
2019-06-15 13:30, flood,3.3
2019-06-15 17:18, slack,-
2019-06-15 20:18, ebb,-1.9
2019-06-15 22:54, slack,-
2019-06-16 01:24, flood,1.8
2019-06-16 03:42, slack,-
2019-06-16 07:36, ebb,-3.3
2019-06-16 11:06, slack,-
2019-06-16 14:18, flood,3.5
2019-06-16 18:00, slack,-
2019-06-16 21:00, ebb,-2.1
2019-06-16 23:48, slack,-
2019-06-17 02:06, flood,1.7
2019-06-17 04:24, slack,-
2019-06-17 08:12, ebb,-3.3
2019-06-17 11:48, slack,-
2019-06-17 15:00, flood,3.5
2019-06-17 18:42, slack,-
2019-06-17 21:42, ebb,-2.2
2019-06-18 00:36, slack,-
2019-06-18 02:54, flood,1.6
2019-06-18 05:12, slack,-
2019-06-18 08:48, ebb,-3.2
2019-06-18 12:24, slack,-
2019-06-18 15:48, flood,3.4
2019-06-18 19:24, slack,-
2019-06-18 22:18, ebb,-2.3
2019-06-19 01:24, slack,-
2019-06-19 03:48, flood,1.5
2019-06-19 06:06, slack,-
2019-06-19 09:30, ebb,-3.0
2019-06-19 13:06, slack,-
2019-06-19 16:36, flood,3.3
2019-06-19 20:06, slack,-
2019-06-19 22:54, ebb,-2.2
2019-06-20 02:12, slack,-
2019-06-20 04:36, flood,1.4
2019-06-20 06:48, slack,-
2019-06-20 10:18, ebb,-2.9
2019-06-20 13:48, slack,-
2019-06-20 17:24, flood,3.2
2019-06-20 20:48, slack,-
2019-06-20 23:42, ebb,-2.1
2019-06-21 03:06, slack,-
2019-06-21 05:30, flood,1.2
2019-06-21 07:30, slack,-
2019-06-21 11:00, ebb,-2.8
2019-06-21 14:36, slack,-
2019-06-21 18:12, flood,3.1
2019-06-21 21:42, slack,-
2019-06-22 00:30, ebb,-2.0
2019-06-22 04:06, slack,-
2019-06-22 06:18, flood,1.0
2019-06-22 08:18, slack,-
2019-06-22 11:42, ebb,-2.6
2019-06-22 15:24, slack,-
2019-06-22 19:00, flood,3.0
2019-06-22 22:30, slack,-
2019-06-23 01:18, ebb,-1.9
2019-06-23 05:06, slack,-
2019-06-23 07:12, flood,0.8
2019-06-23 09:06, slack,-
2019-06-23 12:30, ebb,-2.3
2019-06-23 16:12, slack,-
2019-06-23 19:54, flood,2.8
2019-06-23 23:18, slack,-
2019-06-24 02:12, ebb,-1.9
2019-06-24 06:06, slack,-
2019-06-24 08:12, flood,0.8
2019-06-24 10:12, slack,-
2019-06-24 13:24, ebb,-1.9
2019-06-24 17:00, slack,-
2019-06-24 20:42, flood,2.5
2019-06-24 23:54, slack,-
2019-06-25 03:06, ebb,-2.0
2019-06-25 07:00, slack,-
2019-06-25 09:18, flood,1.0
2019-06-25 11:36, slack,-
2019-06-25 14:30, ebb,-1.5
2019-06-25 17:54, slack,-
2019-06-25 21:30, flood,2.1
2019-06-26 00:24, slack,-
2019-06-26 03:42, ebb,-2.2
2019-06-26 07:36, slack,-
2019-06-26 10:18, flood,1.4
2019-06-26 13:06, slack,-
2019-06-26 15:42, ebb,-1.2
2019-06-26 18:54, slack,-
2019-06-26 22:12, flood,1.7
2019-06-27 00:48, slack,-
2019-06-27 04:12, ebb,-2.5
2019-06-27 08:12, slack,-
2019-06-27 11:06, flood,2.0
2019-06-27 14:36, slack,-
2019-06-27 17:12, ebb,-1.0
2019-06-27 20:06, slack,-
2019-06-27 22:54, flood,1.3
2019-06-28 01:06, slack,-
2019-06-28 04:42, ebb,-2.8
2019-06-28 08:48, slack,-
2019-06-28 11:54, flood,2.5
2019-06-28 15:42, slack,-
2019-06-28 18:42, ebb,-1.1
2019-06-28 21:12, slack,-
2019-06-28 23:36, flood,1.1
2019-06-29 01:36, slack,-
2019-06-29 05:24, ebb,-3.0
2019-06-29 09:18, slack,-
2019-06-29 12:36, flood,3.0
2019-06-29 16:36, slack,-
2019-06-29 19:36, ebb,-1.4
2019-06-29 22:06, slack,-
2019-06-30 00:18, flood,1.1
2019-06-30 02:06, slack,-
2019-06-30 06:06, ebb,-3.2
2019-06-30 09:54, slack,-
2019-06-30 13:18, flood,3.4
2019-06-30 17:18, slack,-
2019-06-30 20:18, ebb,-1.7
2019-06-30 22:54, slack,-
2019-07-01 01:00, flood,1.1
2019-07-01 02:54, slack,-
2019-07-01 07:00, ebb,-3.4
2019-07-01 10:30, slack,-
2019-07-01 13:54, flood,3.7
2019-07-01 17:54, slack,-
2019-07-01 20:48, ebb,-1.9
2019-07-01 23:36, slack,-
2019-07-02 01:42, flood,1.3
2019-07-02 03:42, slack,-
2019-07-02 07:42, ebb,-3.6
2019-07-02 11:18, slack,-
2019-07-02 14:36, flood,3.8
2019-07-02 18:30, slack,-
2019-07-02 21:18, ebb,-2.2
2019-07-03 00:12, slack,-
2019-07-03 02:30, flood,1.5
2019-07-03 04:36, slack,-
2019-07-03 08:30, ebb,-3.7
2019-07-03 12:00, slack,-
2019-07-03 15:24, flood,3.9
2019-07-03 19:12, slack,-
2019-07-03 21:54, ebb,-2.3
2019-07-04 01:00, slack,-
2019-07-04 03:18, flood,1.6
2019-07-04 05:30, slack,-
2019-07-04 09:18, ebb,-3.8
2019-07-04 12:48, slack,-
2019-07-04 16:12, flood,3.9
2019-07-04 19:54, slack,-
2019-07-04 22:36, ebb,-2.3
2019-07-05 01:42, slack,-
2019-07-05 04:12, flood,1.6
2019-07-05 06:24, slack,-
2019-07-05 10:06, ebb,-3.8
2019-07-05 13:36, slack,-
2019-07-05 17:06, flood,3.8
2019-07-05 20:42, slack,-
2019-07-05 23:24, ebb,-2.2
2019-07-06 02:36, slack,-
2019-07-06 05:06, flood,1.5
2019-07-06 07:12, slack,-
2019-07-06 10:54, ebb,-3.6
2019-07-06 14:30, slack,-
2019-07-06 18:00, flood,3.7
2019-07-06 21:30, slack,-
2019-07-07 00:12, ebb,-2.2
2019-07-07 03:36, slack,-
2019-07-07 06:06, flood,1.5
2019-07-07 08:12, slack,-
2019-07-07 11:48, ebb,-3.2
2019-07-07 15:24, slack,-
2019-07-07 18:48, flood,3.5
2019-07-07 22:18, slack,-
2019-07-08 01:06, ebb,-2.2
2019-07-08 04:42, slack,-
2019-07-08 07:06, flood,1.4
2019-07-08 09:18, slack,-
2019-07-08 12:42, ebb,-2.7
2019-07-08 16:18, slack,-
2019-07-08 19:42, flood,3.1
2019-07-08 23:00, slack,-
2019-07-09 02:00, ebb,-2.3
2019-07-09 05:48, slack,-
2019-07-09 08:18, flood,1.5
2019-07-09 10:42, slack,-
2019-07-09 13:42, ebb,-2.0
2019-07-09 17:12, slack,-
2019-07-09 20:36, flood,2.6
2019-07-09 23:36, slack,-
2019-07-10 03:00, ebb,-2.5
2019-07-10 06:48, slack,-
2019-07-10 09:30, flood,1.8
2019-07-10 12:18, slack,-
2019-07-10 15:06, ebb,-1.5
2019-07-10 18:18, slack,-
2019-07-10 21:36, flood,2.2
2019-07-11 00:18, slack,-
2019-07-11 03:48, ebb,-2.7
2019-07-11 07:48, slack,-
2019-07-11 10:36, flood,2.2
2019-07-11 13:54, slack,-
2019-07-11 16:48, ebb,-1.3
2019-07-11 19:36, slack,-
2019-07-11 22:24, flood,1.8
2019-07-12 00:54, slack,-
2019-07-12 04:36, ebb,-2.8
2019-07-12 08:36, slack,-
2019-07-12 11:36, flood,2.6
2019-07-12 15:12, slack,-
2019-07-12 18:18, ebb,-1.3
2019-07-12 20:54, slack,-
2019-07-12 23:18, flood,1.6
2019-07-13 01:42, slack,-
2019-07-13 05:30, ebb,-2.9
2019-07-13 09:24, slack,-
2019-07-13 12:30, flood,3.0
2019-07-13 16:12, slack,-
2019-07-13 19:18, ebb,-1.6
2019-07-13 21:54, slack,-
2019-07-14 00:12, flood,1.5
2019-07-14 02:30, slack,-
2019-07-14 06:30, ebb,-2.9
2019-07-14 10:06, slack,-
2019-07-14 13:12, flood,3.2
2019-07-14 16:54, slack,-
2019-07-14 20:06, ebb,-1.9
2019-07-14 22:48, slack,-
2019-07-15 01:06, flood,1.6
2019-07-15 03:24, slack,-
2019-07-15 07:24, ebb,-3.0
2019-07-15 10:48, slack,-
2019-07-15 14:00, flood,3.3
2019-07-15 17:36, slack,-
2019-07-15 20:42, ebb,-2.2
2019-07-15 23:30, slack,-
2019-07-16 01:54, flood,1.7
2019-07-16 04:12, slack,-
2019-07-16 08:06, ebb,-3.1
2019-07-16 11:30, slack,-
2019-07-16 14:42, flood,3.4
2019-07-16 18:18, slack,-
2019-07-16 21:18, ebb,-2.3
2019-07-17 00:12, slack,-
2019-07-17 02:36, flood,1.7
2019-07-17 05:06, slack,-
2019-07-17 08:42, ebb,-3.2
2019-07-17 12:12, slack,-
2019-07-17 15:30, flood,3.4
2019-07-17 19:00, slack,-
2019-07-17 21:54, ebb,-2.4
2019-07-18 01:00, slack,-
2019-07-18 03:24, flood,1.6
2019-07-18 05:48, slack,-
2019-07-18 09:18, ebb,-3.2
2019-07-18 12:48, slack,-
2019-07-18 16:12, flood,3.4
2019-07-18 19:42, slack,-
2019-07-18 22:36, ebb,-2.3
2019-07-19 01:42, slack,-
2019-07-19 04:12, flood,1.5
2019-07-19 06:30, slack,-
2019-07-19 10:00, ebb,-3.2
2019-07-19 13:30, slack,-
2019-07-19 17:00, flood,3.4
2019-07-19 20:30, slack,-
2019-07-19 23:12, ebb,-2.2
2019-07-20 02:30, slack,-
2019-07-20 05:00, flood,1.3
2019-07-20 07:06, slack,-
2019-07-20 10:36, ebb,-3.0
2019-07-20 14:06, slack,-
2019-07-20 17:48, flood,3.3
2019-07-20 21:12, slack,-
2019-07-20 23:54, ebb,-2.2
2019-07-21 03:24, slack,-
2019-07-21 05:48, flood,1.2
2019-07-21 07:54, slack,-
2019-07-21 11:18, ebb,-2.7
2019-07-21 14:48, slack,-
2019-07-21 18:24, flood,3.0
2019-07-21 21:48, slack,-
2019-07-22 00:30, ebb,-2.1
2019-07-22 04:12, slack,-
2019-07-22 06:36, flood,1.1
2019-07-22 08:48, slack,-
2019-07-22 12:00, ebb,-2.3
2019-07-22 15:30, slack,-
2019-07-22 19:06, flood,2.5
2019-07-22 22:18, slack,-
2019-07-23 01:06, ebb,-2.2
2019-07-23 05:00, slack,-
2019-07-23 07:30, flood,1.2
2019-07-23 10:00, slack,-
2019-07-23 12:54, ebb,-1.7
2019-07-23 16:18, slack,-
2019-07-23 19:42, flood,2.0
2019-07-23 22:42, slack,-
2019-07-24 01:42, ebb,-2.3
2019-07-24 05:42, slack,-
2019-07-24 08:36, flood,1.4
2019-07-24 11:30, slack,-
2019-07-24 14:00, ebb,-1.2
2019-07-24 17:12, slack,-
2019-07-24 20:30, flood,1.4
2019-07-24 23:00, slack,-
2019-07-25 02:24, ebb,-2.4
2019-07-25 06:24, slack,-
2019-07-25 09:36, flood,1.8
2019-07-25 13:00, slack,-
2019-07-25 15:18, ebb,-0.9
2019-07-25 18:18, slack,-
2019-07-25 21:18, flood,1.0
2019-07-25 23:24, slack,-
2019-07-26 03:06, ebb,-2.6
2019-07-26 07:06, slack,-
2019-07-26 10:30, flood,2.2
2019-07-26 14:18, slack,-
2019-07-26 16:54, ebb,-0.8
2019-07-26 19:48, slack,-
2019-07-26 22:06, flood,0.8
2019-07-26 23:54, slack,-
2019-07-27 03:48, ebb,-2.7
2019-07-27 07:54, slack,-
2019-07-27 11:18, flood,2.7
2019-07-27 15:18, slack,-
2019-07-27 18:18, ebb,-1.1
2019-07-27 21:00, slack,-
2019-07-27 23:00, flood,0.8
2019-07-28 00:42, slack,-
2019-07-28 04:42, ebb,-2.9
2019-07-28 08:42, slack,-
2019-07-28 12:06, flood,3.0
2019-07-28 16:00, slack,-
2019-07-28 19:12, ebb,-1.4
2019-07-28 21:48, slack,-
2019-07-28 23:54, flood,1.0
2019-07-29 01:42, slack,-
2019-07-29 05:36, ebb,-3.0
2019-07-29 09:30, slack,-
2019-07-29 12:48, flood,3.3
2019-07-29 16:42, slack,-
2019-07-29 19:48, ebb,-1.8
2019-07-29 22:30, slack,-
2019-07-30 00:42, flood,1.3
2019-07-30 02:42, slack,-
2019-07-30 06:36, ebb,-3.2
2019-07-30 10:18, slack,-
2019-07-30 13:36, flood,3.6
2019-07-30 17:24, slack,-
2019-07-30 20:24, ebb,-2.1
2019-07-30 23:12, slack,-
2019-07-31 01:30, flood,1.6
2019-07-31 03:36, slack,-
2019-07-31 07:36, ebb,-3.6
2019-07-31 11:06, slack,-
2019-07-31 14:18, flood,3.8
2019-07-31 18:06, slack,-
2019-07-31 21:00, ebb,-2.3
2019-07-31 23:48, slack,-
2019-08-01 02:12, flood,1.8
2019-08-01 04:30, slack,-
2019-08-01 08:18, ebb,-3.8
2019-08-01 11:48, slack,-
2019-08-01 15:06, flood,3.9
2019-08-01 18:48, slack,-
2019-08-01 21:36, ebb,-2.4
2019-08-02 00:36, slack,-
2019-08-02 03:00, flood,1.9
2019-08-02 05:24, slack,-
2019-08-02 09:06, ebb,-3.9
2019-08-02 12:36, slack,-
2019-08-02 15:54, flood,4.0
2019-08-02 19:30, slack,-
2019-08-02 22:18, ebb,-2.5
2019-08-03 01:18, slack,-
2019-08-03 03:54, flood,1.9
2019-08-03 06:18, slack,-
2019-08-03 09:54, ebb,-3.8
2019-08-03 13:24, slack,-
2019-08-03 16:48, flood,3.9
2019-08-03 20:12, slack,-
2019-08-03 23:00, ebb,-2.5
2019-08-04 02:12, slack,-
2019-08-04 04:48, flood,1.9
2019-08-04 07:12, slack,-
2019-08-04 10:42, ebb,-3.5
2019-08-04 14:12, slack,-
2019-08-04 17:30, flood,3.6
2019-08-04 20:54, slack,-
2019-08-04 23:42, ebb,-2.6
2019-08-05 03:06, slack,-
2019-08-05 05:48, flood,1.8
2019-08-05 08:12, slack,-
2019-08-05 11:30, ebb,-2.9
2019-08-05 15:00, slack,-
2019-08-05 18:18, flood,3.2
2019-08-05 21:30, slack,-
2019-08-06 00:24, ebb,-2.6
2019-08-06 04:06, slack,-
2019-08-06 06:48, flood,1.8
2019-08-06 09:24, slack,-
2019-08-06 12:24, ebb,-2.3
2019-08-06 15:48, slack,-
2019-08-06 19:06, flood,2.6
2019-08-06 22:00, slack,-
2019-08-07 01:06, ebb,-2.6
2019-08-07 05:06, slack,-
2019-08-07 07:54, flood,1.9
2019-08-07 10:48, slack,-
2019-08-07 13:24, ebb,-1.6
2019-08-07 16:48, slack,-
2019-08-07 20:00, flood,2.0
2019-08-07 22:36, slack,-
2019-08-08 01:54, ebb,-2.6
2019-08-08 06:06, slack,-
2019-08-08 09:06, flood,2.1
2019-08-08 12:18, slack,-
2019-08-08 15:00, ebb,-1.2
2019-08-08 18:00, slack,-
2019-08-08 21:00, flood,1.5
2019-08-08 23:18, slack,-
2019-08-09 02:54, ebb,-2.6
2019-08-09 07:06, slack,-
2019-08-09 10:12, flood,2.3
2019-08-09 13:42, slack,-
2019-08-09 16:48, ebb,-1.1
2019-08-09 19:30, slack,-
2019-08-09 22:00, flood,1.3
2019-08-10 00:12, slack,-
2019-08-10 03:54, ebb,-2.5
2019-08-10 08:06, slack,-
2019-08-10 11:12, flood,2.5
2019-08-10 14:48, slack,-
2019-08-10 18:00, ebb,-1.3
2019-08-10 20:48, slack,-
2019-08-10 23:00, flood,1.3
2019-08-11 01:12, slack,-
2019-08-11 05:00, ebb,-2.5
2019-08-11 09:00, slack,-
2019-08-11 12:06, flood,2.8
2019-08-11 15:42, slack,-
2019-08-11 19:00, ebb,-1.7
2019-08-11 21:42, slack,-
2019-08-12 00:00, flood,1.4
2019-08-12 02:18, slack,-
2019-08-12 06:24, ebb,-2.6
2019-08-12 09:48, slack,-
2019-08-12 12:54, flood,2.9
2019-08-12 16:24, slack,-
2019-08-12 19:42, ebb,-2.0
2019-08-12 22:30, slack,-
2019-08-13 00:48, flood,1.7
2019-08-13 03:12, slack,-
2019-08-13 07:18, ebb,-2.8
2019-08-13 10:30, slack,-
2019-08-13 13:36, flood,3.1
2019-08-13 17:12, slack,-
2019-08-13 20:24, ebb,-2.2
2019-08-13 23:12, slack,-
2019-08-14 01:36, flood,1.8
2019-08-14 04:06, slack,-
2019-08-14 08:00, ebb,-3.0
2019-08-14 11:12, slack,-
2019-08-14 14:24, flood,3.3
2019-08-14 17:54, slack,-
2019-08-14 20:54, ebb,-2.4
2019-08-14 23:48, slack,-
2019-08-15 02:18, flood,1.9
2019-08-15 04:48, slack,-
2019-08-15 08:30, ebb,-3.2
2019-08-15 11:48, slack,-
2019-08-15 15:06, flood,3.5
2019-08-15 18:36, slack,-
2019-08-15 21:30, ebb,-2.5
2019-08-16 00:30, slack,-
2019-08-16 03:00, flood,1.8
2019-08-16 05:30, slack,-
2019-08-16 09:00, ebb,-3.3
2019-08-16 12:30, slack,-
2019-08-16 15:48, flood,3.5
2019-08-16 19:18, slack,-
2019-08-16 22:06, ebb,-2.5
2019-08-17 01:12, slack,-
2019-08-17 03:42, flood,1.7
2019-08-17 06:12, slack,-
2019-08-17 09:36, ebb,-3.2
2019-08-17 13:06, slack,-
2019-08-17 16:30, flood,3.4
2019-08-17 19:54, slack,-
2019-08-17 22:36, ebb,-2.5
2019-08-18 01:54, slack,-
2019-08-18 04:30, flood,1.6
2019-08-18 06:54, slack,-
2019-08-18 10:18, ebb,-3.0
2019-08-18 13:42, slack,-
2019-08-18 17:06, flood,3.0
2019-08-18 20:24, slack,-
2019-08-18 23:06, ebb,-2.5
2019-08-19 02:30, slack,-
2019-08-19 05:18, flood,1.6
2019-08-19 07:48, slack,-
2019-08-19 10:54, ebb,-2.5
2019-08-19 14:18, slack,-
2019-08-19 17:42, flood,2.6
2019-08-19 20:42, slack,-
2019-08-19 23:42, ebb,-2.5
2019-08-20 03:12, slack,-
2019-08-20 06:06, flood,1.7
2019-08-20 08:48, slack,-
2019-08-20 11:42, ebb,-2.0
2019-08-20 15:00, slack,-
2019-08-20 18:12, flood,2.0
2019-08-20 21:00, slack,-
2019-08-21 00:12, ebb,-2.6
2019-08-21 03:48, slack,-
2019-08-21 06:54, flood,1.8
2019-08-21 10:00, slack,-
2019-08-21 12:36, ebb,-1.5
2019-08-21 15:48, slack,-
2019-08-21 18:42, flood,1.4
2019-08-21 21:18, slack,-
2019-08-22 00:42, ebb,-2.6
2019-08-22 04:30, slack,-
2019-08-22 07:48, flood,2.0
2019-08-22 11:18, slack,-
2019-08-22 13:36, ebb,-1.1
2019-08-22 16:48, slack,-
2019-08-22 19:24, flood,0.9
2019-08-22 21:36, slack,-
2019-08-23 01:24, ebb,-2.6
2019-08-23 05:18, slack,-
2019-08-23 08:54, flood,2.2
2019-08-23 12:36, slack,-
2019-08-23 14:54, ebb,-0.9
2019-08-23 18:06, slack,-
2019-08-23 20:24, flood,0.6
2019-08-23 22:12, slack,-
2019-08-24 02:12, ebb,-2.6
2019-08-24 06:06, slack,-
2019-08-24 09:48, flood,2.4
2019-08-24 13:42, slack,-
2019-08-24 16:24, ebb,-1.0
2019-08-24 19:36, slack,-
2019-08-24 21:36, flood,0.6
2019-08-24 23:12, slack,-
2019-08-25 03:12, ebb,-2.6
2019-08-25 07:06, slack,-
2019-08-25 10:42, flood,2.6
2019-08-25 14:36, slack,-
2019-08-25 17:36, ebb,-1.2
2019-08-25 20:36, slack,-
2019-08-25 22:36, flood,0.8
2019-08-26 00:24, slack,-
2019-08-26 04:12, ebb,-2.6
2019-08-26 08:12, slack,-
2019-08-26 11:36, flood,2.9
2019-08-26 15:18, slack,-
2019-08-26 18:36, ebb,-1.6
2019-08-26 21:24, slack,-
2019-08-26 23:36, flood,1.2
2019-08-27 01:36, slack,-
2019-08-27 05:18, ebb,-2.8
2019-08-27 09:06, slack,-
2019-08-27 12:24, flood,3.2
2019-08-27 16:06, slack,-
2019-08-27 19:18, ebb,-1.9
2019-08-27 22:06, slack,-
2019-08-28 00:24, flood,1.6
2019-08-28 02:36, slack,-
2019-08-28 06:30, ebb,-3.2
2019-08-28 10:00, slack,-
2019-08-28 13:12, flood,3.6
2019-08-28 16:54, slack,-
2019-08-28 20:00, ebb,-2.2
2019-08-28 22:48, slack,-
2019-08-29 01:12, flood,1.9
2019-08-29 03:30, slack,-
2019-08-29 07:24, ebb,-3.6
2019-08-29 10:48, slack,-
2019-08-29 14:00, flood,3.8
2019-08-29 17:36, slack,-
2019-08-29 20:36, ebb,-2.5
2019-08-29 23:30, slack,-
2019-08-30 02:00, flood,2.2
2019-08-30 04:24, slack,-
2019-08-30 08:12, ebb,-3.8
2019-08-30 11:36, slack,-
2019-08-30 14:48, flood,3.9
2019-08-30 18:18, slack,-
2019-08-30 21:12, ebb,-2.7
2019-08-31 00:12, slack,-
2019-08-31 02:48, flood,2.3
2019-08-31 05:18, slack,-
2019-08-31 08:54, ebb,-3.8
2019-08-31 12:18, slack,-
2019-08-31 15:30, flood,3.9
2019-08-31 19:00, slack,-
2019-08-31 21:54, ebb,-2.8
2019-09-01 01:00, slack,-
2019-09-01 03:42, flood,2.3
2019-09-01 06:18, slack,-
2019-09-01 09:42, ebb,-3.5
2019-09-01 13:06, slack,-
2019-09-01 16:18, flood,3.6
2019-09-01 19:30, slack,-
2019-09-01 22:30, ebb,-2.9
2019-09-02 01:48, slack,-
2019-09-02 04:36, flood,2.4
2019-09-02 07:18, slack,-
2019-09-02 10:30, ebb,-3.1
2019-09-02 13:48, slack,-
2019-09-02 17:00, flood,3.1
2019-09-02 20:00, slack,-
2019-09-02 23:06, ebb,-3.0
2019-09-03 02:36, slack,-
2019-09-03 05:36, flood,2.4
2019-09-03 08:24, slack,-
2019-09-03 11:18, ebb,-2.5
2019-09-03 14:36, slack,-
2019-09-03 17:48, flood,2.5
2019-09-03 20:30, slack,-
2019-09-03 23:42, ebb,-2.9
2019-09-04 03:30, slack,-
2019-09-04 06:30, flood,2.4
2019-09-04 09:36, slack,-
2019-09-04 12:12, ebb,-1.9
2019-09-04 15:36, slack,-
2019-09-04 18:30, flood,1.9
2019-09-04 21:06, slack,-
2019-09-05 00:24, ebb,-2.8
2019-09-05 04:24, slack,-
2019-09-05 07:30, flood,2.3
2019-09-05 10:48, slack,-
2019-09-05 13:18, ebb,-1.4
2019-09-05 16:42, slack,-
2019-09-05 19:30, flood,1.4
2019-09-05 21:48, slack,-
2019-09-06 01:06, ebb,-2.5
2019-09-06 05:18, slack,-
2019-09-06 08:36, flood,2.3
2019-09-06 12:06, slack,-
2019-09-06 15:00, ebb,-1.2
2019-09-06 18:00, slack,-
2019-09-06 20:36, flood,1.1
2019-09-06 22:42, slack,-
2019-09-07 02:06, ebb,-2.3
2019-09-07 06:24, slack,-
2019-09-07 09:42, flood,2.3
2019-09-07 13:12, slack,-
2019-09-07 16:30, ebb,-1.3
2019-09-07 19:24, slack,-
2019-09-07 21:42, flood,1.1
2019-09-07 23:48, slack,-
2019-09-08 03:18, ebb,-2.1
2019-09-08 07:30, slack,-
2019-09-08 10:42, flood,2.3
2019-09-08 14:12, slack,-
2019-09-08 17:30, ebb,-1.5
2019-09-08 20:30, slack,-
2019-09-08 22:48, flood,1.2
2019-09-09 01:06, slack,-
2019-09-09 04:48, ebb,-2.1
2019-09-09 08:36, slack,-
2019-09-09 11:36, flood,2.5
2019-09-09 15:00, slack,-
2019-09-09 18:30, ebb,-1.8
2019-09-09 21:24, slack,-
2019-09-09 23:42, flood,1.5
2019-09-10 02:06, slack,-
2019-09-10 06:12, ebb,-2.3
2019-09-10 09:24, slack,-
2019-09-10 12:30, flood,2.8
2019-09-10 15:54, slack,-
2019-09-10 19:18, ebb,-2.1
2019-09-10 22:06, slack,-
2019-09-11 00:30, flood,1.7
2019-09-11 03:00, slack,-
2019-09-11 07:00, ebb,-2.7
2019-09-11 10:12, slack,-
2019-09-11 13:12, flood,3.1
2019-09-11 16:36, slack,-
2019-09-11 19:54, ebb,-2.3
2019-09-11 22:48, slack,-
2019-09-12 01:18, flood,1.9
2019-09-12 03:48, slack,-
2019-09-12 07:36, ebb,-3.0
2019-09-12 10:48, slack,-
2019-09-12 13:54, flood,3.3
2019-09-12 17:24, slack,-
2019-09-12 20:30, ebb,-2.5
2019-09-12 23:30, slack,-
2019-09-13 01:54, flood,1.9
2019-09-13 04:30, slack,-
2019-09-13 08:12, ebb,-3.1
2019-09-13 11:24, slack,-
2019-09-13 14:36, flood,3.4
2019-09-13 18:00, slack,-
2019-09-13 21:00, ebb,-2.6
2019-09-14 00:06, slack,-
2019-09-14 02:36, flood,2.0
2019-09-14 05:18, slack,-
2019-09-14 08:42, ebb,-3.1
2019-09-14 12:00, slack,-
2019-09-14 15:12, flood,3.3
2019-09-14 18:30, slack,-
2019-09-14 21:30, ebb,-2.7
2019-09-15 00:36, slack,-
2019-09-15 03:18, flood,2.0
2019-09-15 06:06, slack,-
2019-09-15 09:18, ebb,-2.9
2019-09-15 12:36, slack,-
2019-09-15 15:48, flood,2.9
2019-09-15 19:00, slack,-
2019-09-15 21:54, ebb,-2.8
2019-09-16 01:12, slack,-
2019-09-16 04:06, flood,2.2
2019-09-16 07:00, slack,-
2019-09-16 10:00, ebb,-2.6
2019-09-16 13:18, slack,-
2019-09-16 16:24, flood,2.4
2019-09-16 19:18, slack,-
2019-09-16 22:18, ebb,-2.9
2019-09-17 01:42, slack,-
2019-09-17 04:48, flood,2.3
2019-09-17 07:54, slack,-
2019-09-17 10:42, ebb,-2.2
2019-09-17 13:54, slack,-
2019-09-17 16:54, flood,1.8
2019-09-17 19:30, slack,-
2019-09-17 22:48, ebb,-2.9
2019-09-18 02:12, slack,-
2019-09-18 05:30, flood,2.5
2019-09-18 08:54, slack,-
2019-09-18 11:30, ebb,-1.8
2019-09-18 14:42, slack,-
2019-09-18 17:24, flood,1.3
2019-09-18 19:42, slack,-
2019-09-18 23:18, ebb,-3.0
2019-09-19 02:48, slack,-
2019-09-19 06:18, flood,2.6
2019-09-19 09:54, slack,-
2019-09-19 12:18, ebb,-1.4
2019-09-19 15:36, slack,-
2019-09-19 18:00, flood,0.9
2019-09-19 20:00, slack,-
2019-09-19 23:54, ebb,-2.9
2019-09-20 03:30, slack,-
2019-09-20 07:06, flood,2.5
2019-09-20 10:54, slack,-
2019-09-20 13:12, ebb,-1.2
2019-09-20 16:42, slack,-
2019-09-20 18:42, flood,0.6
2019-09-20 20:36, slack,-
2019-09-21 00:42, ebb,-2.7
2019-09-21 04:24, slack,-
2019-09-21 08:06, flood,2.5
2019-09-21 11:54, slack,-
2019-09-21 14:18, ebb,-1.2
2019-09-21 17:54, slack,-
2019-09-21 19:54, flood,0.5
2019-09-21 21:36, slack,-
2019-09-22 01:36, ebb,-2.5
2019-09-22 05:24, slack,-
2019-09-22 09:06, flood,2.5
2019-09-22 12:54, slack,-
2019-09-22 15:42, ebb,-1.3
2019-09-22 19:06, slack,-
2019-09-22 21:12, flood,0.7
2019-09-22 22:54, slack,-
2019-09-23 02:42, ebb,-2.4
2019-09-23 06:36, slack,-
2019-09-23 10:12, flood,2.6
2019-09-23 13:48, slack,-
2019-09-23 16:54, ebb,-1.5
2019-09-23 20:06, slack,-
2019-09-23 22:18, flood,1.0
2019-09-24 00:12, slack,-
2019-09-24 03:54, ebb,-2.5
2019-09-24 07:48, slack,-
2019-09-24 11:06, flood,2.9
2019-09-24 14:42, slack,-
2019-09-24 17:54, ebb,-1.8
2019-09-24 20:54, slack,-
2019-09-24 23:18, flood,1.4
2019-09-25 01:24, slack,-
2019-09-25 05:06, ebb,-2.8
2019-09-25 08:48, slack,-
2019-09-25 12:00, flood,3.2
2019-09-25 15:36, slack,-
2019-09-25 18:54, ebb,-2.1
2019-09-25 21:42, slack,-
2019-09-26 00:06, flood,1.8
2019-09-26 02:30, slack,-
2019-09-26 06:12, ebb,-3.1
2019-09-26 09:42, slack,-
2019-09-26 12:54, flood,3.6
2019-09-26 16:18, slack,-
2019-09-26 19:36, ebb,-2.5
2019-09-26 22:24, slack,-
2019-09-27 01:00, flood,2.2
2019-09-27 03:30, slack,-
2019-09-27 07:12, ebb,-3.4
2019-09-27 10:30, slack,-
2019-09-27 13:36, flood,3.7
2019-09-27 17:00, slack,-
2019-09-27 20:18, ebb,-2.8
2019-09-27 23:12, slack,-
2019-09-28 01:48, flood,2.5
2019-09-28 04:24, slack,-
2019-09-28 08:00, ebb,-3.4
2019-09-28 11:18, slack,-
2019-09-28 14:18, flood,3.7
2019-09-28 17:36, slack,-
2019-09-28 20:48, ebb,-3.1
2019-09-28 23:54, slack,-
2019-09-29 02:36, flood,2.7
2019-09-29 05:30, slack,-
2019-09-29 08:48, ebb,-3.3
2019-09-29 12:00, slack,-
2019-09-29 15:00, flood,3.4
2019-09-29 18:12, slack,-
2019-09-29 21:18, ebb,-3.2
2019-09-30 00:36, slack,-
2019-09-30 03:30, flood,2.9
2019-09-30 06:30, slack,-
2019-09-30 09:36, ebb,-2.9
2019-09-30 12:48, slack,-
2019-09-30 15:42, flood,2.9
2019-09-30 18:36, slack,-
2019-09-30 21:48, ebb,-3.3
2019-10-01 01:18, slack,-
2019-10-01 04:24, flood,2.9
2019-10-01 07:30, slack,-
2019-10-01 10:24, ebb,-2.5
2019-10-01 13:36, slack,-
2019-10-01 16:30, flood,2.4
2019-10-01 19:06, slack,-
2019-10-01 22:24, ebb,-3.3
2019-10-02 02:00, slack,-
2019-10-02 05:18, flood,2.9
2019-10-02 08:30, slack,-
2019-10-02 11:12, ebb,-2.1
2019-10-02 14:30, slack,-
2019-10-02 17:18, flood,1.8
2019-10-02 19:42, slack,-
2019-10-02 23:00, ebb,-3.1
2019-10-03 02:48, slack,-
2019-10-03 06:12, flood,2.8
2019-10-03 09:30, slack,-
2019-10-03 12:06, ebb,-1.7
2019-10-03 15:30, slack,-
2019-10-03 18:06, flood,1.4
2019-10-03 20:18, slack,-
2019-10-03 23:42, ebb,-2.8
2019-10-04 03:36, slack,-
2019-10-04 07:06, flood,2.6
2019-10-04 10:30, slack,-
2019-10-04 13:06, ebb,-1.5
2019-10-04 16:42, slack,-
2019-10-04 19:06, flood,1.1
2019-10-04 21:12, slack,-
2019-10-05 00:36, ebb,-2.4
2019-10-05 04:36, slack,-
2019-10-05 08:06, flood,2.3
2019-10-05 11:30, slack,-
2019-10-05 14:30, ebb,-1.4
2019-10-05 17:54, slack,-
2019-10-05 20:12, flood,1.0
2019-10-05 22:18, slack,-
2019-10-06 01:36, ebb,-2.0
2019-10-06 05:42, slack,-
2019-10-06 09:12, flood,2.2
2019-10-06 12:30, slack,-
2019-10-06 15:54, ebb,-1.5
2019-10-06 19:06, slack,-
2019-10-06 21:24, flood,1.0
2019-10-06 23:30, slack,-
2019-10-07 02:54, ebb,-1.9
2019-10-07 06:54, slack,-
2019-10-07 10:12, flood,2.3
2019-10-07 13:30, slack,-
2019-10-07 16:54, ebb,-1.7
2019-10-07 20:12, slack,-
2019-10-07 22:24, flood,1.2
2019-10-08 00:42, slack,-
2019-10-08 04:18, ebb,-2.0
2019-10-08 08:00, slack,-
2019-10-08 11:06, flood,2.5
2019-10-08 14:30, slack,-
2019-10-08 17:54, ebb,-1.9
2019-10-08 21:00, slack,-
2019-10-08 23:18, flood,1.4
2019-10-09 01:48, slack,-
2019-10-09 05:30, ebb,-2.2
2019-10-09 08:54, slack,-
2019-10-09 12:00, flood,2.8
2019-10-09 15:18, slack,-
2019-10-09 18:42, ebb,-2.2
2019-10-09 21:48, slack,-
2019-10-10 00:06, flood,1.6
2019-10-10 02:42, slack,-
2019-10-10 06:24, ebb,-2.5
2019-10-10 09:36, slack,-
2019-10-10 12:42, flood,3.1
2019-10-10 16:00, slack,-
2019-10-10 19:24, ebb,-2.5
2019-10-10 22:30, slack,-
2019-10-11 00:54, flood,1.8
2019-10-11 03:30, slack,-
2019-10-11 07:12, ebb,-2.6
2019-10-11 10:18, slack,-
2019-10-11 13:24, flood,3.2
2019-10-11 16:42, slack,-
2019-10-11 20:00, ebb,-2.7
2019-10-11 23:00, slack,-
2019-10-12 01:36, flood,2.1
2019-10-12 04:24, slack,-
2019-10-12 07:54, ebb,-2.7
2019-10-12 10:54, slack,-
2019-10-12 14:00, flood,3.0
2019-10-12 17:12, slack,-
2019-10-12 20:24, ebb,-2.9
2019-10-12 23:30, slack,-
2019-10-13 02:18, flood,2.4
2019-10-13 05:18, slack,-
2019-10-13 08:30, ebb,-2.6
2019-10-13 11:36, slack,-
2019-10-13 14:30, flood,2.6
2019-10-13 17:30, slack,-
2019-10-13 20:42, ebb,-3.0
2019-10-14 00:00, slack,-
2019-10-14 02:54, flood,2.6
2019-10-14 06:12, slack,-
2019-10-14 09:12, ebb,-2.4
2019-10-14 12:18, slack,-
2019-10-14 15:06, flood,2.1
2019-10-14 17:48, slack,-
2019-10-14 21:06, ebb,-3.2
2019-10-15 00:30, slack,-
2019-10-15 03:36, flood,2.9
2019-10-15 07:06, slack,-
2019-10-15 09:48, ebb,-2.2
2019-10-15 13:00, slack,-
2019-10-15 15:30, flood,1.6
2019-10-15 18:00, slack,-
2019-10-15 21:30, ebb,-3.3
2019-10-16 00:54, slack,-
2019-10-16 04:18, flood,3.1
2019-10-16 07:54, slack,-
2019-10-16 10:30, ebb,-1.9
2019-10-16 13:42, slack,-
2019-10-16 16:06, flood,1.2
2019-10-16 18:18, slack,-
2019-10-16 22:00, ebb,-3.3
2019-10-17 01:30, slack,-
2019-10-17 05:00, flood,3.1
2019-10-17 08:42, slack,-
2019-10-17 11:12, ebb,-1.7
2019-10-17 14:30, slack,-
2019-10-17 16:48, flood,0.9
2019-10-17 18:42, slack,-
2019-10-17 22:36, ebb,-3.2
2019-10-18 02:06, slack,-
2019-10-18 05:42, flood,3.1
2019-10-18 09:30, slack,-
2019-10-18 12:00, ebb,-1.6
2019-10-18 15:24, slack,-
2019-10-18 17:30, flood,0.8
2019-10-18 19:24, slack,-
2019-10-18 23:24, ebb,-3.0
2019-10-19 02:54, slack,-
2019-10-19 06:30, flood,2.9
2019-10-19 10:18, slack,-
2019-10-19 12:48, ebb,-1.5
2019-10-19 16:24, slack,-
2019-10-19 18:24, flood,0.7
2019-10-19 20:12, slack,-
2019-10-20 00:12, ebb,-2.7
2019-10-20 03:48, slack,-
2019-10-20 07:24, flood,2.7
2019-10-20 11:12, slack,-
2019-10-20 13:48, ebb,-1.5
2019-10-20 17:30, slack,-
2019-10-20 19:30, flood,0.7
2019-10-20 21:24, slack,-
2019-10-21 01:12, ebb,-2.5
2019-10-21 04:54, slack,-
2019-10-21 08:36, flood,2.7
2019-10-21 12:12, slack,-
2019-10-21 15:06, ebb,-1.5
2019-10-21 18:30, slack,-
2019-10-21 20:48, flood,0.9
2019-10-21 22:42, slack,-
2019-10-22 02:18, ebb,-2.5
2019-10-22 06:06, slack,-
2019-10-22 09:42, flood,2.8
2019-10-22 13:12, slack,-
2019-10-22 16:12, ebb,-1.7
2019-10-22 19:36, slack,-
2019-10-22 21:54, flood,1.1
2019-10-23 00:00, slack,-
2019-10-23 03:36, ebb,-2.5
2019-10-23 07:18, slack,-
2019-10-23 10:42, flood,3.0
2019-10-23 14:06, slack,-
2019-10-23 17:24, ebb,-2.0
2019-10-23 20:36, slack,-
2019-10-23 22:54, flood,1.5
2019-10-24 01:12, slack,-
2019-10-24 04:42, ebb,-2.7
2019-10-24 08:18, slack,-
2019-10-24 11:36, flood,3.3
2019-10-24 15:00, slack,-
2019-10-24 18:18, ebb,-2.4
2019-10-24 21:24, slack,-
2019-10-24 23:54, flood,1.9
2019-10-25 02:24, slack,-
2019-10-25 05:54, ebb,-2.8
2019-10-25 09:18, slack,-
2019-10-25 12:24, flood,3.4
2019-10-25 15:36, slack,-
2019-10-25 19:06, ebb,-2.8
2019-10-25 22:12, slack,-
2019-10-26 00:48, flood,2.4
2019-10-26 03:30, slack,-
2019-10-26 07:00, ebb,-2.8
2019-10-26 10:06, slack,-
2019-10-26 13:06, flood,3.3
2019-10-26 16:12, slack,-
2019-10-26 19:42, ebb,-3.1
2019-10-26 22:54, slack,-
2019-10-27 01:36, flood,2.8
2019-10-27 04:36, slack,-
2019-10-27 08:00, ebb,-2.8
2019-10-27 10:54, slack,-
2019-10-27 13:48, flood,3.1
2019-10-27 16:48, slack,-
2019-10-27 20:12, ebb,-3.4
2019-10-27 23:30, slack,-
2019-10-28 02:24, flood,3.2
2019-10-28 05:42, slack,-
2019-10-28 08:48, ebb,-2.6
2019-10-28 11:48, slack,-
2019-10-28 14:30, flood,2.6
2019-10-28 17:18, slack,-
2019-10-28 20:42, ebb,-3.5
2019-10-29 00:12, slack,-
2019-10-29 03:18, flood,3.4
2019-10-29 06:42, slack,-
2019-10-29 09:36, ebb,-2.4
2019-10-29 12:36, slack,-
2019-10-29 15:12, flood,2.2
2019-10-29 17:48, slack,-
2019-10-29 21:18, ebb,-3.5
2019-10-30 00:48, slack,-
2019-10-30 04:06, flood,3.4
2019-10-30 07:36, slack,-
2019-10-30 10:24, ebb,-2.2
2019-10-30 13:30, slack,-
2019-10-30 16:00, flood,1.7
2019-10-30 18:24, slack,-
2019-10-30 21:54, ebb,-3.3
2019-10-31 01:30, slack,-
2019-10-31 05:00, flood,3.3
2019-10-31 08:24, slack,-
2019-10-31 11:12, ebb,-2.0
2019-10-31 14:24, slack,-
2019-10-31 16:54, flood,1.4
2019-10-31 19:06, slack,-
2019-10-31 22:30, ebb,-3.0
2019-11-01 02:18, slack,-
2019-11-01 05:48, flood,3.0
2019-11-01 09:18, slack,-
2019-11-01 12:00, ebb,-1.8
2019-11-01 15:24, slack,-
2019-11-01 17:48, flood,1.2
2019-11-01 19:54, slack,-
2019-11-01 23:18, ebb,-2.6
2019-11-02 03:06, slack,-
2019-11-02 06:42, flood,2.7
2019-11-02 10:06, slack,-
2019-11-02 12:48, ebb,-1.7
2019-11-02 16:30, slack,-
2019-11-02 18:48, flood,1.1
2019-11-02 20:48, slack,-
2019-11-03 00:12, ebb,-2.3
2019-11-03 03:06, slack,-
2019-11-03 06:36, flood,2.5
2019-11-03 10:00, slack,-
2019-11-03 13:00, ebb,-1.6
2019-11-03 16:36, slack,-
2019-11-03 18:48, flood,1.0
2019-11-03 20:54, slack,-
2019-11-04 00:06, ebb,-2.0
2019-11-04 04:06, slack,-
2019-11-04 07:42, flood,2.4
2019-11-04 11:00, slack,-
2019-11-04 14:18, ebb,-1.7
2019-11-04 17:42, slack,-
2019-11-04 19:54, flood,1.0
2019-11-04 22:00, slack,-
2019-11-05 01:18, ebb,-1.9
2019-11-05 05:12, slack,-
2019-11-05 08:42, flood,2.5
2019-11-05 12:00, slack,-
2019-11-05 15:18, ebb,-1.8
2019-11-05 18:48, slack,-
2019-11-05 21:00, flood,1.1
2019-11-05 23:12, slack,-
2019-11-06 02:30, ebb,-1.9
2019-11-06 06:12, slack,-
2019-11-06 09:36, flood,2.6
2019-11-06 12:54, slack,-
2019-11-06 16:18, ebb,-2.0
2019-11-06 19:42, slack,-
2019-11-06 21:54, flood,1.3
2019-11-07 00:18, slack,-
2019-11-07 03:36, ebb,-2.0
2019-11-07 07:06, slack,-
2019-11-07 10:24, flood,2.8
2019-11-07 13:36, slack,-
2019-11-07 17:06, ebb,-2.3
2019-11-07 20:24, slack,-
2019-11-07 22:42, flood,1.5
2019-11-08 01:18, slack,-
2019-11-08 04:42, ebb,-2.0
2019-11-08 08:00, slack,-
2019-11-08 11:06, flood,2.8
2019-11-08 14:12, slack,-
2019-11-08 17:48, ebb,-2.6
2019-11-08 21:00, slack,-
2019-11-08 23:30, flood,1.9
2019-11-09 02:24, slack,-
2019-11-09 05:48, ebb,-2.1
2019-11-09 08:42, slack,-
2019-11-09 11:42, flood,2.6
2019-11-09 14:42, slack,-
2019-11-09 18:12, ebb,-2.8
2019-11-09 21:30, slack,-
2019-11-10 00:18, flood,2.4
2019-11-10 03:24, slack,-
2019-11-10 06:42, ebb,-2.1
2019-11-10 09:30, slack,-
2019-11-10 12:18, flood,2.2
2019-11-10 15:00, slack,-
2019-11-10 18:36, ebb,-3.0
2019-11-10 21:54, slack,-
2019-11-11 00:54, flood,2.8
2019-11-11 04:24, slack,-
2019-11-11 07:24, ebb,-2.1
2019-11-11 10:18, slack,-
2019-11-11 12:48, flood,1.8
2019-11-11 15:18, slack,-
2019-11-11 18:54, ebb,-3.2
2019-11-11 22:18, slack,-
2019-11-12 01:30, flood,3.2
2019-11-12 05:18, slack,-
2019-11-12 08:06, ebb,-2.0
2019-11-12 11:00, slack,-
2019-11-12 13:24, flood,1.4
2019-11-12 15:36, slack,-
2019-11-12 19:24, ebb,-3.4
2019-11-12 22:48, slack,-
2019-11-13 02:12, flood,3.4
2019-11-13 06:00, slack,-
2019-11-13 08:42, ebb,-1.9
2019-11-13 11:48, slack,-
2019-11-13 13:54, flood,1.1
2019-11-13 15:54, slack,-
2019-11-13 19:54, ebb,-3.5
2019-11-13 23:18, slack,-
2019-11-14 02:48, flood,3.5
2019-11-14 06:42, slack,-
2019-11-14 09:18, ebb,-1.9
2019-11-14 12:30, slack,-
2019-11-14 14:30, flood,1.0
2019-11-14 16:30, slack,-
2019-11-14 20:30, ebb,-3.4
2019-11-14 23:54, slack,-
2019-11-15 03:30, flood,3.5
2019-11-15 07:24, slack,-
2019-11-15 10:00, ebb,-1.9
2019-11-15 13:12, slack,-
2019-11-15 15:18, flood,0.9
2019-11-15 17:12, slack,-
2019-11-15 21:12, ebb,-3.3
2019-11-16 00:42, slack,-
2019-11-16 04:18, flood,3.4
2019-11-16 08:06, slack,-
2019-11-16 10:42, ebb,-1.9
2019-11-16 14:06, slack,-
2019-11-16 16:12, flood,0.9
2019-11-16 18:06, slack,-
2019-11-16 22:00, ebb,-3.1
2019-11-17 01:30, slack,-
2019-11-17 05:06, flood,3.2
2019-11-17 08:48, slack,-
2019-11-17 11:24, ebb,-1.8
2019-11-17 15:00, slack,-
2019-11-17 17:06, flood,1.0
2019-11-17 19:06, slack,-
2019-11-17 22:54, ebb,-2.9
2019-11-18 02:30, slack,-
2019-11-18 06:06, flood,3.1
2019-11-18 09:42, slack,-
2019-11-18 12:24, ebb,-1.8
2019-11-18 16:00, slack,-
2019-11-18 18:12, flood,1.0
2019-11-18 20:06, slack,-
2019-11-18 23:54, ebb,-2.8
2019-11-19 03:30, slack,-
2019-11-19 07:06, flood,3.0
2019-11-19 10:42, slack,-
2019-11-19 13:36, ebb,-1.8
2019-11-19 17:06, slack,-
2019-11-19 19:24, flood,1.0
2019-11-19 21:18, slack,-
2019-11-20 00:54, ebb,-2.6
2019-11-20 04:36, slack,-
2019-11-20 08:12, flood,3.0
2019-11-20 11:36, slack,-
2019-11-20 14:42, ebb,-2.0
2019-11-20 18:12, slack,-
2019-11-20 20:36, flood,1.2
2019-11-20 22:42, slack,-
2019-11-21 02:06, ebb,-2.4
2019-11-21 05:42, slack,-
2019-11-21 09:06, flood,3.1
2019-11-21 12:30, slack,-
2019-11-21 15:48, ebb,-2.3
2019-11-21 19:12, slack,-
2019-11-21 21:36, flood,1.6
2019-11-22 00:06, slack,-
2019-11-22 03:18, ebb,-2.3
2019-11-22 06:48, slack,-
2019-11-22 10:00, flood,3.0
2019-11-22 13:12, slack,-
2019-11-22 16:36, ebb,-2.7
2019-11-22 20:06, slack,-
2019-11-22 22:36, flood,2.1
2019-11-23 01:30, slack,-
2019-11-23 04:42, ebb,-2.2
2019-11-23 07:48, slack,-
2019-11-23 10:48, flood,2.9
2019-11-23 13:48, slack,-
2019-11-23 17:30, ebb,-3.1
2019-11-23 20:48, slack,-
2019-11-23 23:36, flood,2.7
2019-11-24 02:42, slack,-
2019-11-24 06:06, ebb,-2.1
2019-11-24 08:48, slack,-
2019-11-24 11:36, flood,2.6
2019-11-24 14:18, slack,-
2019-11-24 18:06, ebb,-3.3
2019-11-24 21:30, slack,-
2019-11-25 00:24, flood,3.2
2019-11-25 03:54, slack,-
2019-11-25 07:00, ebb,-2.2
2019-11-25 09:42, slack,-
2019-11-25 12:24, flood,2.3
2019-11-25 14:54, slack,-
2019-11-25 18:42, ebb,-3.5
2019-11-25 22:06, slack,-
2019-11-26 01:12, flood,3.5
2019-11-26 04:54, slack,-
2019-11-26 07:54, ebb,-2.2
2019-11-26 10:36, slack,-
2019-11-26 13:06, flood,2.0
2019-11-26 15:30, slack,-
2019-11-26 19:12, ebb,-3.6
2019-11-26 22:48, slack,-
2019-11-27 02:00, flood,3.6
2019-11-27 05:42, slack,-
2019-11-27 08:36, ebb,-2.2
2019-11-27 11:30, slack,-
2019-11-27 13:54, flood,1.7
2019-11-27 16:06, slack,-
2019-11-27 19:48, ebb,-3.4
2019-11-27 23:30, slack,-
2019-11-28 02:48, flood,3.5
2019-11-28 06:30, slack,-
2019-11-28 09:18, ebb,-2.1
2019-11-28 12:18, slack,-
2019-11-28 14:42, flood,1.5
2019-11-28 16:54, slack,-
2019-11-28 20:30, ebb,-3.2
2019-11-29 00:12, slack,-
2019-11-29 03:36, flood,3.3
2019-11-29 07:12, slack,-
2019-11-29 10:00, ebb,-2.1
2019-11-29 13:06, slack,-
2019-11-29 15:36, flood,1.4
2019-11-29 17:48, slack,-
2019-11-29 21:12, ebb,-3.0
2019-11-30 00:54, slack,-
2019-11-30 04:30, flood,3.1
2019-11-30 07:54, slack,-
2019-11-30 10:42, ebb,-2.0
2019-11-30 14:00, slack,-
2019-11-30 16:30, flood,1.3
2019-11-30 18:36, slack,-
2019-11-30 22:00, ebb,-2.7
2019-12-01 01:42, slack,-
2019-12-01 05:18, flood,2.9
2019-12-01 08:42, slack,-
2019-12-01 11:24, ebb,-1.9
2019-12-01 15:00, slack,-
2019-12-01 17:24, flood,1.1
2019-12-01 19:24, slack,-
2019-12-01 22:48, ebb,-2.5
2019-12-02 02:36, slack,-
2019-12-02 06:12, flood,2.7
2019-12-02 09:36, slack,-
2019-12-02 12:24, ebb,-1.8
2019-12-02 16:06, slack,-
2019-12-02 18:18, flood,1.0
2019-12-02 20:18, slack,-
2019-12-02 23:42, ebb,-2.2
2019-12-03 03:30, slack,-
2019-12-03 07:06, flood,2.7
2019-12-03 10:30, slack,-
2019-12-03 13:36, ebb,-1.8
2019-12-03 17:18, slack,-
2019-12-03 19:24, flood,0.9
2019-12-03 21:18, slack,-
2019-12-04 00:36, ebb,-2.0
2019-12-04 04:24, slack,-
2019-12-04 08:00, flood,2.7
2019-12-04 11:18, slack,-
2019-12-04 14:42, ebb,-2.0
2019-12-04 18:24, slack,-
2019-12-04 20:30, flood,0.9
2019-12-04 22:30, slack,-
2019-12-05 01:42, ebb,-1.8
2019-12-05 05:18, slack,-
2019-12-05 08:54, flood,2.6
2019-12-05 12:06, slack,-
2019-12-05 15:30, ebb,-2.2
2019-12-05 19:12, slack,-
2019-12-05 21:30, flood,1.2
2019-12-05 23:54, slack,-
2019-12-06 02:54, ebb,-1.6
2019-12-06 06:18, slack,-
2019-12-06 09:42, flood,2.4
2019-12-06 12:42, slack,-
2019-12-06 16:06, ebb,-2.4
2019-12-06 19:48, slack,-
2019-12-06 22:18, flood,1.6
2019-12-07 01:12, slack,-
2019-12-07 04:12, ebb,-1.5
2019-12-07 07:18, slack,-
2019-12-07 10:24, flood,2.1
2019-12-07 13:12, slack,-
2019-12-07 16:42, ebb,-2.6
2019-12-07 20:18, slack,-
2019-12-07 23:06, flood,2.2
2019-12-08 02:24, slack,-
2019-12-08 05:36, ebb,-1.5
2019-12-08 08:18, slack,-
2019-12-08 11:00, flood,1.7
2019-12-08 13:30, slack,-
2019-12-08 17:12, ebb,-2.8
2019-12-08 20:48, slack,-
2019-12-08 23:54, flood,2.8
2019-12-09 03:30, slack,-
2019-12-09 06:36, ebb,-1.6
2019-12-09 09:18, slack,-
2019-12-09 11:42, flood,1.4
2019-12-09 13:48, slack,-
2019-12-09 17:36, ebb,-3.1
2019-12-09 21:12, slack,-
2019-12-10 00:30, flood,3.2
2019-12-10 04:24, slack,-
2019-12-10 07:24, ebb,-1.7
2019-12-10 10:06, slack,-
2019-12-10 12:18, flood,1.1
2019-12-10 14:12, slack,-
2019-12-10 18:12, ebb,-3.3
2019-12-10 21:42, slack,-
2019-12-11 01:06, flood,3.5
2019-12-11 05:06, slack,-
2019-12-11 08:00, ebb,-1.9
2019-12-11 10:48, slack,-
2019-12-11 12:54, flood,1.0
2019-12-11 14:42, slack,-
2019-12-11 18:48, ebb,-3.4
2019-12-11 22:18, slack,-
2019-12-12 01:42, flood,3.7
2019-12-12 05:42, slack,-
2019-12-12 08:30, ebb,-1.9
2019-12-12 11:30, slack,-
2019-12-12 13:30, flood,1.1
2019-12-12 15:24, slack,-
2019-12-12 19:30, ebb,-3.5
2019-12-12 22:54, slack,-
2019-12-13 02:24, flood,3.7
2019-12-13 06:18, slack,-
2019-12-13 09:00, ebb,-2.0
2019-12-13 12:06, slack,-
2019-12-13 14:12, flood,1.1
2019-12-13 16:12, slack,-
2019-12-13 20:12, ebb,-3.5
2019-12-13 23:42, slack,-
2019-12-14 03:12, flood,3.6
2019-12-14 06:54, slack,-
2019-12-14 09:36, ebb,-2.1
2019-12-14 12:48, slack,-
2019-12-14 15:00, flood,1.2
2019-12-14 17:06, slack,-
2019-12-14 21:00, ebb,-3.5
2019-12-15 00:24, slack,-
2019-12-15 04:00, flood,3.6
2019-12-15 07:42, slack,-
2019-12-15 10:18, ebb,-2.1
2019-12-15 13:36, slack,-
2019-12-15 15:54, flood,1.3
2019-12-15 18:00, slack,-
2019-12-15 21:48, ebb,-3.4
2019-12-16 01:18, slack,-
2019-12-16 04:48, flood,3.5
2019-12-16 08:24, slack,-
2019-12-16 11:06, ebb,-2.1
2019-12-16 14:30, slack,-
2019-12-16 16:54, flood,1.3
2019-12-16 18:54, slack,-
2019-12-16 22:36, ebb,-3.2
2019-12-17 02:12, slack,-
2019-12-17 05:42, flood,3.4
2019-12-17 09:18, slack,-
2019-12-17 12:00, ebb,-2.1
2019-12-17 15:30, slack,-
2019-12-17 17:48, flood,1.2
2019-12-17 19:54, slack,-
2019-12-17 23:30, ebb,-2.9
2019-12-18 03:06, slack,-
2019-12-18 06:36, flood,3.3
2019-12-18 10:06, slack,-
2019-12-18 13:00, ebb,-2.1
2019-12-18 16:42, slack,-
2019-12-18 19:00, flood,1.2
2019-12-18 21:06, slack,-
2019-12-19 00:30, ebb,-2.5
2019-12-19 04:06, slack,-
2019-12-19 07:36, flood,3.1
2019-12-19 10:54, slack,-
2019-12-19 14:06, ebb,-2.3
2019-12-19 17:48, slack,-
2019-12-19 20:12, flood,1.4
2019-12-19 22:36, slack,-
2019-12-20 01:42, ebb,-2.1
2019-12-20 05:06, slack,-
2019-12-20 08:36, flood,2.8
2019-12-20 11:36, slack,-
2019-12-20 15:00, ebb,-2.6
2019-12-20 18:48, slack,-
2019-12-20 21:24, flood,1.9
2019-12-21 00:12, slack,-
2019-12-21 03:06, ebb,-1.7
2019-12-21 06:18, slack,-
2019-12-21 09:30, flood,2.5
2019-12-21 12:18, slack,-
2019-12-21 15:48, ebb,-2.9
2019-12-21 19:36, slack,-
2019-12-21 22:24, flood,2.4
2019-12-22 01:42, slack,-
2019-12-22 04:48, ebb,-1.6
2019-12-22 07:30, slack,-
2019-12-22 10:18, flood,2.1
2019-12-22 12:54, slack,-
2019-12-22 16:42, ebb,-3.1
2019-12-22 20:24, slack,-
2019-12-22 23:24, flood,3.0
2019-12-23 02:54, slack,-
2019-12-23 06:06, ebb,-1.7
2019-12-23 08:36, slack,-
2019-12-23 11:12, flood,1.9
2019-12-23 13:30, slack,-
2019-12-23 17:30, ebb,-3.2
2019-12-23 21:06, slack,-
2019-12-24 00:12, flood,3.4
2019-12-24 03:54, slack,-
2019-12-24 07:00, ebb,-1.9
2019-12-24 09:36, slack,-
2019-12-24 12:00, flood,1.7
2019-12-24 14:12, slack,-
2019-12-24 18:18, ebb,-3.3
2019-12-24 21:48, slack,-
2019-12-25 01:00, flood,3.5
2019-12-25 04:48, slack,-
2019-12-25 07:48, ebb,-2.1
2019-12-25 10:30, slack,-
2019-12-25 12:48, flood,1.6
2019-12-25 15:00, slack,-
2019-12-25 19:00, ebb,-3.3
2019-12-25 22:30, slack,-
2019-12-26 01:42, flood,3.5
2019-12-26 05:30, slack,-
2019-12-26 08:24, ebb,-2.1
2019-12-26 11:12, slack,-
2019-12-26 13:36, flood,1.6
2019-12-26 15:54, slack,-
2019-12-26 19:36, ebb,-3.3
2019-12-26 23:12, slack,-
2019-12-27 02:30, flood,3.4
2019-12-27 06:06, slack,-
2019-12-27 09:00, ebb,-2.2
2019-12-27 12:00, slack,-
2019-12-27 14:24, flood,1.6
2019-12-27 16:42, slack,-
2019-12-27 20:18, ebb,-3.2
2019-12-27 23:54, slack,-
2019-12-28 03:18, flood,3.3
2019-12-28 06:48, slack,-
2019-12-28 09:42, ebb,-2.2
2019-12-28 12:42, slack,-
2019-12-28 15:12, flood,1.5
2019-12-28 17:30, slack,-
2019-12-28 21:00, ebb,-3.1
2019-12-29 00:36, slack,-
2019-12-29 04:06, flood,3.2
2019-12-29 07:30, slack,-
2019-12-29 10:18, ebb,-2.1
2019-12-29 13:36, slack,-
2019-12-29 16:06, flood,1.4
2019-12-29 18:18, slack,-
2019-12-29 21:42, ebb,-2.9
2019-12-30 01:18, slack,-
2019-12-30 04:54, flood,3.2
2019-12-30 08:18, slack,-
2019-12-30 11:06, ebb,-2.1
2019-12-30 14:30, slack,-
2019-12-30 16:54, flood,1.2
2019-12-30 19:00, slack,-
2019-12-30 22:24, ebb,-2.7
2019-12-31 02:06, slack,-
2019-12-31 05:42, flood,3.1
2019-12-31 09:06, slack,-
2019-12-31 11:48, ebb,-2.0
2019-12-31 15:36, slack,-
2019-12-31 17:48, flood,1.0
2019-12-31 19:48, slack,-
2019-12-31 23:12, ebb,-2.4
